From,To,Length(m),Azimuth(deg),Clino(deg)
1.0@mountaineye1.Mountaineye,-,0.00,0.00,0.00
1.0@mountaineye1.Mountaineye,-,3.28,168.00,-1.03
1.0@mountaineye1.Mountaineye,-,1.02,40.16,-0.04
1.0@mountaineye1.Mountaineye,-,2.44,115.58,-8.00
1.0@mountaineye1.Mountaineye,-,4.90,189.44,77.60
1.0@mountaineye1.Mountaineye,-,0.53,135.97,-75.69
1.0@mountaineye1.Mountaineye,1.1@mountaineye1.Mountaineye,4.46,132.75,-28.82
1.1@mountaineye1.Mountaineye,-,1.40,325.24,73.01
1.1@mountaineye1.Mountaineye,-,3.67,23.90,1.43
1.1@mountaineye1.Mountaineye,-,1.45,176.65,-11.99
1.1@mountaineye1.Mountaineye,-,0.76,298.06,-82.13
1.1@mountaineye1.Mountaineye,-,11.09,40.42,-13.10
1.1@mountaineye1.Mountaineye,1.2@mountaineye1.Mountaineye,9.38,112.62,-28.37
1.2@mountaineye1.Mountaineye,-,5.57,48.42,20.31
1.2@mountaineye1.Mountaineye,-,8.46,21.89,16.98
1.2@mountaineye1.Mountaineye,-,5.99,304.20,78.65
1.2@mountaineye1.Mountaineye,-,4.70,223.75,25.86
1.2@mountaineye1.Mountaineye,101.1@mountaineye1.Mountaineye,6.74,0.83,7.83
1.2@mountaineye1.Mountaineye,-,0.00,0.00,0.00
1.2@mountaineye1.Mountaineye,1.3@mountaineye1.Mountaineye,8.21,154.91,0.80
1.3@mountaineye1.Mountaineye,-,6.67,56.81,6.05
1.3@mountaineye1.Mountaineye,-,3.72,133.84,11.54
1.3@mountaineye1.Mountaineye,-,5.03,216.89,11.14
1.3@mountaineye1.Mountaineye,-,3.50,256.72,18.92
1.3@mountaineye1.Mountaineye,102.1@mountaineye1.Mountaineye,5.44,237.04,12.34
102.1@mountaineye1.Mountaineye,-,3.56,226.58,17.40
102.1@mountaineye1.Mountaineye,-,3.23,150.12,4.03
102.1@mountaineye1.Mountaineye,-,1.91,313.26,0.30
102.1@mountaineye1.Mountaineye,-,2.48,212.77,73.47
1.3@mountaineye1.Mountaineye,-,0.00,0.00,0.00
1.3@mountaineye1.Mountaineye,-,5.92,94.61,69.87
1.3@mountaineye1.Mountaineye,-,10.98,106.16,37.43
1.3@mountaineye1.Mountaineye,1.4@mountaineye1.Mountaineye,20.76,97.95,20.82
1.4@mountaineye1.Mountaineye,-,2.90,335.79,88.51
1.4@mountaineye1.Mountaineye,-,1.02,359.80,-84.92
1.4@mountaineye1.Mountaineye,-,15.37,259.47,-20.77
1.4@mountaineye1.Mountaineye,-,14.57,292.94,-21.95
1.4@mountaineye1.Mountaineye,-,6.83,7.18,-4.80
1.4@mountaineye1.Mountaineye,-,4.92,135.45,0.39
1.4@mountaineye1.Mountaineye,-,13.40,206.54,-26.41
1.4@mountaineye1.Mountaineye,-,21.33,246.34,-7.46
1.4@mountaineye1.Mountaineye,-,16.50,233.98,-16.79
1.4@mountaineye1.Mountaineye,1.5@mountaineye1.Mountaineye,12.50,175.97,-24.66
1.5@mountaineye1.Mountaineye,-,1.16,236.17,81.99
1.5@mountaineye1.Mountaineye,-,1.30,341.45,-76.05
1.5@mountaineye1.Mountaineye,-,5.92,238.47,0.73
1.5@mountaineye1.Mountaineye,-,0.79,67.24,13.58
1.5@mountaineye1.Mountaineye,-,6.33,24.91,5.70
1.5@mountaineye1.Mountaineye,-,6.64,158.35,0.73
1.5@mountaineye1.Mountaineye,-,11.89,62.47,4.84
1.5@mountaineye1.Mountaineye,1.6@mountaineye1.Mountaineye,11.31,186.22,13.90
1.6@mountaineye1.Mountaineye,-,6.55,113.77,77.85
1.6@mountaineye1.Mountaineye,-,2.48,343.16,-73.33
1.6@mountaineye1.Mountaineye,-,4.60,288.11,2.37
1.6@mountaineye1.Mountaineye,-,1.90,95.28,9.38
1.6@mountaineye1.Mountaineye,-,7.25,78.23,-25.71
1.6@mountaineye1.Mountaineye,-,6.92,52.26,-28.35
1.6@mountaineye1.Mountaineye,1.7@mountaineye1.Mountaineye,2.40,118.52,40.16
1.7@mountaineye1.Mountaineye,-,5.09,133.69,84.33
1.7@mountaineye1.Mountaineye,-,2.31,223.58,-47.49
1.7@mountaineye1.Mountaineye,-,3.32,172.89,8.06
1.7@mountaineye1.Mountaineye,-,1.99,359.13,0.61
1.7@mountaineye1.Mountaineye,-,3.59,190.46,0.55
1.7@mountaineye1.Mountaineye,-,3.33,152.08,24.21
1.7@mountaineye1.Mountaineye,-,7.43,150.45,37.00
1.7@mountaineye1.Mountaineye,-,5.55,250.20,5.42
1.7@mountaineye1.Mountaineye,-,6.07,13.61,29.67
1.7@mountaineye1.Mountaineye,1.8@mountaineye1.Mountaineye,13.05,109.84,22.65
1.8@mountaineye1.Mountaineye,-,0.64,41.13,-84.15
1.8@mountaineye1.Mountaineye,-,11.97,354.74,-2.82
1.8@mountaineye1.Mountaineye,-,7.05,255.32,-2.39
1.8@mountaineye1.Mountaineye,-,10.90,333.40,-40.69
1.8@mountaineye1.Mountaineye,-,11.51,309.78,-40.27
1.8@mountaineye1.Mountaineye,1.9@mountaineye1.Mountaineye,3.76,46.90,-5.02
1.9@mountaineye1.Mountaineye,-,0.23,152.97,-84.94
1.9@mountaineye1.Mountaineye,-,0.54,331.11,83.89
1.9@mountaineye1.Mountaineye,-,4.36,200.92,-0.81
1.9@mountaineye1.Mountaineye,-,11.11,34.29,-1.62
1.9@mountaineye1.Mountaineye,1.10@mountaineye1.Mountaineye,5.63,90.93,-0.59
1.10@mountaineye1.Mountaineye,-,5.30,125.54,-60.93
1.10@mountaineye1.Mountaineye,-,0.39,98.75,80.24
1.10@mountaineye1.Mountaineye,-,12.60,49.83,-0.04
1.10@mountaineye1.Mountaineye,-,6.64,177.05,-7.08
1.10@mountaineye1.Mountaineye,1.11@mountaineye1.Mountaineye,12.73,98.90,-12.12
1.11@mountaineye1.Mountaineye,-,2.62,292.89,80.21
1.11@mountaineye1.Mountaineye,-,1.24,302.72,-80.96
1.11@mountaineye1.Mountaineye,-,11.12,325.90,15.97
1.11@mountaineye1.Mountaineye,-,7.89,268.47,-26.49
1.11@mountaineye1.Mountaineye,1.12@mountaineye1.Mountaineye,10.13,43.70,-2.20
1.12@mountaineye1.Mountaineye,-,4.41,186.90,-35.89
1.12@mountaineye1.Mountaineye,-,3.49,204.64,75.04
1.12@mountaineye1.Mountaineye,-,7.46,171.96,-4.10
1.12@mountaineye1.Mountaineye,-,9.42,299.92,17.49
1.12@mountaineye1.Mountaineye,1.13@mountaineye1.Mountaineye,1.92,4.22,12.99
1.13@mountaineye1.Mountaineye,-,7.82,330.17,11.43
1.13@mountaineye1.Mountaineye,-,12.04,10.23,12.80
1.13@mountaineye1.Mountaineye,-,16.15,36.96,7.17
1.13@mountaineye1.Mountaineye,-,24.29,61.66,7.26
1.13@mountaineye1.Mountaineye,-,27.62,68.94,7.05
1.13@mountaineye1.Mountaineye,-,23.33,86.08,2.78
1.13@mountaineye1.Mountaineye,-,16.44,109.77,3.08
1.13@mountaineye1.Mountaineye,-,14.48,120.00,3.72
1.13@mountaineye1.Mountaineye,-,9.59,143.87,4.95
1.13@mountaineye1.Mountaineye,-,9.68,167.80,5.75
1.13@mountaineye1.Mountaineye,1.14@mountaineye1.Mountaineye,9.29,197.30,-9.67
1.14@mountaineye1.Mountaineye,-,2.54,86.15,85.97
1.14@mountaineye1.Mountaineye,-,1.89,200.87,-87.24
1.14@mountaineye1.Mountaineye,-,5.82,345.84,6.09
1.14@mountaineye1.Mountaineye,-,1.13,186.30,1.87
1.14@mountaineye1.Mountaineye,1.15@mountaineye1.Mountaineye,3.60,237.69,-51.33
1.15@mountaineye1.Mountaineye,-,0.90,31.22,84.44
1.15@mountaineye1.Mountaineye,-,0.42,137.35,-56.92
1.15@mountaineye1.Mountaineye,-,0.45,329.80,0.84
1.15@mountaineye1.Mountaineye,-,2.04,153.89,22.66
1.15@mountaineye1.Mountaineye,1.16@mountaineye1.Mountaineye,3.08,219.61,15.12
1.16@mountaineye1.Mountaineye,-,0.23,93.82,74.31
1.16@mountaineye1.Mountaineye,-,0.65,283.97,-82.28
1.16@mountaineye1.Mountaineye,-,0.78,159.05,0.23
1.16@mountaineye1.Mountaineye,-,2.03,308.93,-14.33
1.16@mountaineye1.Mountaineye,1.17@mountaineye1.Mountaineye,11.14,243.16,-4.97
1.17@mountaineye1.Mountaineye,-,11.13,243.08,-4.92
1.17@mountaineye1.Mountaineye,-,0.64,196.47,82.97
1.17@mountaineye1.Mountaineye,-,1.57,316.92,-31.81
1.17@mountaineye1.Mountaineye,-,1.08,145.41,14.32
1.17@mountaineye1.Mountaineye,-,2.78,322.04,1.76
1.17@mountaineye1.Mountaineye,1.18@mountaineye1.Mountaineye,15.68,233.04,1.84
1.18@mountaineye1.Mountaineye,-,0.47,47.33,85.70
1.18@mountaineye1.Mountaineye,-,2.15,112.09,-31.07
1.18@mountaineye1.Mountaineye,-,0.92,322.57,13.69
1.18@mountaineye1.Mountaineye,-,3.25,102.18,-6.83
1.18@mountaineye1.Mountaineye,1.19@mountaineye1.Mountaineye,4.38,140.72,-5.47
1.19@mountaineye1.Mountaineye,-,0.18,200.35,79.52
1.19@mountaineye1.Mountaineye,-,0.95,259.46,-85.37
1.19@mountaineye1.Mountaineye,-,0.94,75.06,-0.50
1.19@mountaineye1.Mountaineye,-,2.42,274.84,2.42
1.19@mountaineye1.Mountaineye,-,2.59,125.87,-12.87
1.19@mountaineye1.Mountaineye,-,3.01,172.17,-14.98
1.19@mountaineye1.Mountaineye,1.20@mountaineye1.Mountaineye,8.02,238.45,0.97
1.20@mountaineye1.Mountaineye,-,0.28,178.10,-77.52
1.20@mountaineye1.Mountaineye,-,0.69,102.69,79.30
1.20@mountaineye1.Mountaineye,-,2.17,141.27,14.95
1.20@mountaineye1.Mountaineye,-,2.25,312.07,17.84
1.20@mountaineye1.Mountaineye,1.21@mountaineye1.Mountaineye,11.46,192.35,4.33
1.20@mountaineye1.Mountaineye,-,2.22,130.09,14.15
1.20@mountaineye1.Mountaineye,-,0.48,9.03,29.03
1.21@mountaineye1.Mountaineye,-,0.00,0.00,0.00
1.21@mountaineye1.Mountaineye,-,5.47,313.93,0.87
1.21@mountaineye1.Mountaineye,-,1.07,145.43,-1.04
1.21@mountaineye1.Mountaineye,-,2.26,291.46,-33.62
1.21@mountaineye1.Mountaineye,-,3.24,154.43,-72.59
1.21@mountaineye1.Mountaineye,1.22@mountaineye1.Mountaineye,13.60,254.97,-1.68
1.22@mountaineye1.Mountaineye,-,0.51,316.04,87.01
1.22@mountaineye1.Mountaineye,-,1.88,174.89,-29.09
1.22@mountaineye1.Mountaineye,-,3.61,147.39,-1.36
1.22@mountaineye1.Mountaineye,-,2.49,341.41,3.72
1.22@mountaineye1.Mountaineye,-,6.99,43.26,2.59
1.22@mountaineye1.Mountaineye,1.23@mountaineye1.Mountaineye,6.70,192.30,3.04
1.23@mountaineye1.Mountaineye,-,1.46,12.24,-69.56
1.23@mountaineye1.Mountaineye,-,0.28,293.74,76.63
1.23@mountaineye1.Mountaineye,-,6.63,82.56,-3.70
1.23@mountaineye1.Mountaineye,-,3.00,235.91,3.60
1.23@mountaineye1.Mountaineye,-,9.17,271.26,0.62
1.23@mountaineye1.Mountaineye,-,10.13,301.61,-11.21
1.23@mountaineye1.Mountaineye,-,9.67,315.89,-12.34
1.23@mountaineye1.Mountaineye,1.24@mountaineye1.Mountaineye,5.07,137.35,6.21
1.24@mountaineye1.Mountaineye,-,1.30,304.28,-76.89
1.24@mountaineye1.Mountaineye,-,4.84,39.40,77.88
1.24@mountaineye1.Mountaineye,-,0.58,143.77,-21.03
1.24@mountaineye1.Mountaineye,-,1.61,328.08,1.26
1.24@mountaineye1.Mountaineye,-,3.17,247.58,-8.64
1.24@mountaineye1.Mountaineye,1.25@mountaineye1.Mountaineye,5.18,38.44,23.07
1.25@mountaineye1.Mountaineye,-,2.68,136.31,10.30
1.25@mountaineye1.Mountaineye,-,1.08,335.93,-8.14
1.25@mountaineye1.Mountaineye,-,2.61,118.22,74.85
1.25@mountaineye1.Mountaineye,-,3.42,332.72,-80.54
1.25@mountaineye1.Mountaineye,1.26@mountaineye1.Mountaineye,12.02,64.39,-0.73
1.26@mountaineye1.Mountaineye,-,1.52,151.79,79.00
1.26@mountaineye1.Mountaineye,-,2.86,277.36,-64.80
1.26@mountaineye1.Mountaineye,-,0.82,148.39,-15.61
1.26@mountaineye1.Mountaineye,-,1.80,316.62,-26.56
1.26@mountaineye1.Mountaineye,1.27@mountaineye1.Mountaineye,11.08,67.70,-4.38
1.27@mountaineye1.Mountaineye,-,3.44,42.14,74.76
1.27@mountaineye1.Mountaineye,-,2.20,355.81,-64.33
1.27@mountaineye1.Mountaineye,-,1.69,160.90,44.63
1.27@mountaineye1.Mountaineye,-,2.40,350.63,0.55
1.27@mountaineye1.Mountaineye,-,7.54,12.97,-32.93
1.27@mountaineye1.Mountaineye,1.28@mountaineye1.Mountaineye,11.88,59.29,-0.58
1.28@mountaineye1.Mountaineye,-,2.65,139.54,83.22
1.28@mountaineye1.Mountaineye,-,2.72,328.75,-63.74
1.28@mountaineye1.Mountaineye,-,2.54,341.25,4.78
1.28@mountaineye1.Mountaineye,-,1.66,141.02,38.62
1.28@mountaineye1.Mountaineye,-,4.13,257.74,-10.84
1.28@mountaineye1.Mountaineye,1.29@mountaineye1.Mountaineye,18.56,56.97,-1.60
1.29@mountaineye1.Mountaineye,-,4.63,28.64,86.64
1.29@mountaineye1.Mountaineye,-,1.67,345.77,-63.14
1.29@mountaineye1.Mountaineye,-,0.75,157.75,38.52
1.29@mountaineye1.Mountaineye,-,10.16,237.81,0.36
1.29@mountaineye1.Mountaineye,-,1.71,324.32,-8.96
1.29@mountaineye1.Mountaineye,-,5.03,346.32,30.92
1.29@mountaineye1.Mountaineye,1.30@mountaineye1.Mountaineye,10.55,50.24,3.88
1.30@mountaineye1.Mountaineye,-,2.14,130.00,76.33
1.30@mountaineye1.Mountaineye,-,2.43,100.06,-56.78
1.30@mountaineye1.Mountaineye,-,2.21,159.24,-5.22
1.30@mountaineye1.Mountaineye,-,1.82,10.48,60.63
1.30@mountaineye1.Mountaineye,1.31@mountaineye1.Mountaineye,4.61,77.06,-6.89
1.31@mountaineye1.Mountaineye,-,3.25,204.65,-29.09
1.31@mountaineye1.Mountaineye,-,0.62,5.74,9.14
1.31@mountaineye1.Mountaineye,-,2.47,214.16,-6.24
1.31@mountaineye1.Mountaineye,-,3.14,170.90,-9.14
1.31@mountaineye1.Mountaineye,1.32@mountaineye1.Mountaineye,11.29,194.67,1.94
1.32@mountaineye1.Mountaineye,-,1.95,331.58,83.17
1.32@mountaineye1.Mountaineye,-,5.14,226.06,-70.27
1.32@mountaineye1.Mountaineye,-,0.30,122.50,1.27
1.32@mountaineye1.Mountaineye,-,2.21,292.45,6.21
1.32@mountaineye1.Mountaineye,-,1.26,283.01,-59.08
1.32@mountaineye1.Mountaineye,1.33@mountaineye1.Mountaineye,10.25,203.19,0.52
1.33@mountaineye1.Mountaineye,-,3.94,111.32,81.16
1.33@mountaineye1.Mountaineye,-,1.58,89.80,-50.49
1.33@mountaineye1.Mountaineye,-,0.60,307.79,9.02
1.33@mountaineye1.Mountaineye,-,2.59,98.74,-5.52
1.33@mountaineye1.Mountaineye,-,4.38,140.77,-2.08
1.33@mountaineye1.Mountaineye,-,7.09,124.19,-2.54
1.33@mountaineye1.Mountaineye,1.34@mountaineye1.Mountaineye,9.78,115.04,1.59
1.34@mountaineye1.Mountaineye,-,3.99,224.19,78.73
1.34@mountaineye1.Mountaineye,-,1.51,257.37,-76.82
1.34@mountaineye1.Mountaineye,-,2.13,258.87,-6.41
1.34@mountaineye1.Mountaineye,1.35@mountaineye1.Mountaineye,12.61,181.17,0.92
1.35@mountaineye1.Mountaineye,-,3.68,214.79,84.56
1.35@mountaineye1.Mountaineye,-,1.59,348.36,-86.92
1.35@mountaineye1.Mountaineye,-,0.94,81.27,-37.12
1.35@mountaineye1.Mountaineye,-,2.21,255.87,2.15
1.35@mountaineye1.Mountaineye,1.36@mountaineye1.Mountaineye,6.32,164.61,1.38
1.36@mountaineye1.Mountaineye,-,2.87,69.93,73.03
1.36@mountaineye1.Mountaineye,-,1.97,343.75,-78.00
1.36@mountaineye1.Mountaineye,-,0.85,268.17,-49.99
1.36@mountaineye1.Mountaineye,-,2.21,72.84,-1.75
1.36@mountaineye1.Mountaineye,-,4.19,169.24,-51.69
1.36@mountaineye1.Mountaineye,1.37@mountaineye1.Mountaineye,7.57,159.94,-1.55
1.37@mountaineye1.Mountaineye,-,2.55,136.67,87.42
1.37@mountaineye1.Mountaineye,-,1.67,60.53,-72.75
1.37@mountaineye1.Mountaineye,-,0.52,244.55,-13.33
1.37@mountaineye1.Mountaineye,-,2.30,53.22,-0.48
1.37@mountaineye1.Mountaineye,1.38@mountaineye1.Mountaineye,7.10,116.02,-0.79
1.38@mountaineye1.Mountaineye,-,2.88,216.84,69.92
1.38@mountaineye1.Mountaineye,-,2.34,245.07,-44.13
1.38@mountaineye1.Mountaineye,-,0.54,43.23,-0.88
1.38@mountaineye1.Mountaineye,-,2.62,248.91,-3.56
1.38@mountaineye1.Mountaineye,1.39@mountaineye1.Mountaineye,10.07,193.62,1.43
1.39@mountaineye1.Mountaineye,-,2.81,14.47,76.99
1.39@mountaineye1.Mountaineye,-,2.09,20.14,-69.38
1.39@mountaineye1.Mountaineye,-,3.79,22.01,0.66
1.39@mountaineye1.Mountaineye,-,1.98,128.46,-7.75
1.39@mountaineye1.Mountaineye,-,2.53,297.15,5.95
1.39@mountaineye1.Mountaineye,1.40@mountaineye1.Mountaineye,9.93,200.12,1.62
1.40@mountaineye1.Mountaineye,-,2.46,60.19,73.63
1.40@mountaineye1.Mountaineye,-,2.03,47.32,-64.82
1.40@mountaineye1.Mountaineye,-,0.85,247.46,-37.75
1.40@mountaineye1.Mountaineye,-,2.50,55.23,-9.42
1.40@mountaineye1.Mountaineye,-,3.36,34.06,-9.65
1.40@mountaineye1.Mountaineye,-,3.09,91.53,-4.82
1.40@mountaineye1.Mountaineye,1.41@mountaineye1.Mountaineye,4.22,97.48,-1.35
1.41@mountaineye1.Mountaineye,-,4.29,181.63,66.09
1.41@mountaineye1.Mountaineye,-,1.78,157.42,-72.48
1.41@mountaineye1.Mountaineye,-,2.30,177.48,-1.71
1.41@mountaineye1.Mountaineye,-,0.73,353.91,-34.91
1.41@mountaineye1.Mountaineye,1.42@mountaineye1.Mountaineye,11.43,70.35,0.98
1.42@mountaineye1.Mountaineye,-,2.40,148.19,74.99
1.42@mountaineye1.Mountaineye,-,1.75,155.94,-68.57
1.42@mountaineye1.Mountaineye,-,0.58,326.77,-15.63
1.42@mountaineye1.Mountaineye,-,1.75,150.74,-2.71
1.42@mountaineye1.Mountaineye,-,4.46,242.09,-2.77
1.42@mountaineye1.Mountaineye,1.43@mountaineye1.Mountaineye,4.86,68.09,3.46
1.43@mountaineye1.Mountaineye,-,1.59,322.72,62.14
1.43@mountaineye1.Mountaineye,-,1.96,176.97,-87.78
1.43@mountaineye1.Mountaineye,-,1.82,326.69,-10.63
1.43@mountaineye1.Mountaineye,-,0.32,144.45,-4.24
1.43@mountaineye1.Mountaineye,-,5.21,346.09,-55.47
103.2@mountaineye1.Mountaineye,1.0@mountaineye1.Mountaineye,3.86,1.20,-73.50
103.1@mountaineye1.Mountaineye,103.2@mountaineye1.Mountaineye,7.72,134.00,0.43
103.0@mountaineye1.Mountaineye,103.1@mountaineye1.Mountaineye,4.12,148.70,-23.20
103.0@mountaineye1.Mountaineye,-,4.12,149.10,-23.10
103.0@mountaineye1.Mountaineye,103.1@mountaineye1.Mountaineye,4.12,149.00,-23.30
103.0@mountaineye1.Mountaineye,-,0.81,60.48,6.82
103.0@mountaineye1.Mountaineye,-,0.74,247.62,-11.18
103.0@mountaineye1.Mountaineye,-,0.83,5.71,73.33
103.0@mountaineye1.Mountaineye,-,0.27,174.95,-74.06
103.0@mountaineye1.Mountaineye,-,2.59,196.85,-24.33
103.0@mountaineye1.Mountaineye,-,2.92,163.83,-19.23
103.0@mountaineye1.Mountaineye,-,2.52,98.43,-6.21
103.0@mountaineye1.Mountaineye,-,2.92,125.96,-20.87
103.1@mountaineye1.Mountaineye,-,1.17,41.70,72.30
103.1@mountaineye1.Mountaineye,-,0.55,63.62,-57.73
103.1@mountaineye1.Mountaineye,-,0.53,82.83,6.37
103.1@mountaineye1.Mountaineye,-,0.29,182.88,-8.39
103.1@mountaineye1.Mountaineye,-,1.23,178.87,3.33
103.1@mountaineye1.Mountaineye,-,0.61,127.98,2.38
103.1@mountaineye1.Mountaineye,-,1.61,148.81,-3.90
103.1@mountaineye1.Mountaineye,-,2.33,138.19,1.59
103.1@mountaineye1.Mountaineye,-,2.81,138.59,-8.79
103.2@mountaineye1.Mountaineye,-,2.42,56.16,-17.29
103.2@mountaineye1.Mountaineye,-,1.07,333.76,73.40
103.2@mountaineye1.Mountaineye,-,1.44,353.39,-13.51
103.2@mountaineye1.Mountaineye,-,2.57,324.46,-2.75
103.2@mountaineye1.Mountaineye,-,2.18,262.41,10.64
103.2@mountaineye1.Mountaineye,-,4.68,310.83,7.36
103.2@mountaineye1.Mountaineye,-,3.37,299.55,5.08
103.2@mountaineye1.Mountaineye,-,4.91,317.38,-1.65
103.2@mountaineye1.Mountaineye,-,4.37,312.46,-0.57
103.2@mountaineye1.Mountaineye,-,1.46,289.50,-52.51
1.0@mountaineye1.Mountaineye,-,1.61,63.68,-2.35
1.0@mountaineye1.Mountaineye,-,1.37,355.51,1.36
1.0@mountaineye1.Mountaineye,-,0.73,92.01,-50.88
1.0@mountaineye1.Mountaineye,-,3.60,122.02,82.32
1.0@mountaineye1.Mountaineye,-,1.19,266.51,37.45
1.0@mountaineye1.Mountaineye,-,2.03,175.58,13.60
1.7@mountaineye1.Mountaineye,104.1@mountaineye1.Mountaineye,5.94,188.92,45.98
104.1@mountaineye1.Mountaineye,-,0.13,120.68,-12.77
104.1@mountaineye1.Mountaineye,-,1.40,350.37,74.31
104.1@mountaineye1.Mountaineye,-,5.93,330.85,-71.68
104.1@mountaineye1.Mountaineye,-,4.21,291.68,8.64
104.1@mountaineye1.Mountaineye,-,6.58,115.58,6.66
104.1@mountaineye1.Mountaineye,-,4.76,149.24,9.15
104.1@mountaineye1.Mountaineye,104.2@mountaineye1.Mountaineye,4.83,248.45,10.65
104.2@mountaineye1.Mountaineye,-,0.82,133.85,50.29
104.2@mountaineye1.Mountaineye,-,0.60,217.69,-63.43
104.2@mountaineye1.Mountaineye,-,3.09,348.19,-7.65
104.2@mountaineye1.Mountaineye,-,10.45,213.68,-0.19
104.2@mountaineye1.Mountaineye,104.3@mountaineye1.Mountaineye,12.26,261.63,-2.93
104.3@mountaineye1.Mountaineye,-,0.79,163.61,54.43
104.3@mountaineye1.Mountaineye,-,0.71,127.96,-47.18
104.3@mountaineye1.Mountaineye,-,6.67,157.02,9.50
104.3@mountaineye1.Mountaineye,-,0.42,349.80,-65.58
104.3@mountaineye1.Mountaineye,-,3.32,64.02,-0.99
104.3@mountaineye1.Mountaineye,104.4@mountaineye1.Mountaineye,11.79,230.69,1.10
104.4@mountaineye1.Mountaineye,-,1.28,63.30,59.62
104.4@mountaineye1.Mountaineye,-,0.36,73.35,-44.81
104.4@mountaineye1.Mountaineye,-,3.01,8.56,11.12
104.4@mountaineye1.Mountaineye,-,5.88,39.66,3.22
104.4@mountaineye1.Mountaineye,-,1.94,262.97,11.70
104.4@mountaineye1.Mountaineye,-,6.64,262.19,11.63
104.4@mountaineye1.Mountaineye,-,8.74,146.71,-3.08
104.4@mountaineye1.Mountaineye,104.5@mountaineye1.Mountaineye,9.14,226.21,1.73
104.5@mountaineye1.Mountaineye,-,0.67,229.12,86.79
104.5@mountaineye1.Mountaineye,-,1.04,130.48,-29.73
104.5@mountaineye1.Mountaineye,-,5.50,313.15,-1.55
104.5@mountaineye1.Mountaineye,-,7.49,260.62,4.33
104.5@mountaineye1.Mountaineye,-,8.38,170.14,-5.57
104.5@mountaineye1.Mountaineye,-,10.44,102.79,-2.99
104.5@mountaineye1.Mountaineye,-,6.54,54.86,-5.41
104.5@mountaineye1.Mountaineye,104.6@mountaineye1.Mountaineye,22.85,231.81,0.82
104.6@mountaineye1.Mountaineye,-,6.90,345.72,-11.52
104.6@mountaineye1.Mountaineye,-,11.40,43.67,-1.49
104.6@mountaineye1.Mountaineye,-,6.22,79.11,-4.22
104.6@mountaineye1.Mountaineye,-,0.34,92.55,32.99
104.6@mountaineye1.Mountaineye,-,0.68,19.14,-43.02
104.6@mountaineye1.Mountaineye,-,4.70,150.03,-0.66
104.6@mountaineye1.Mountaineye,104.7@mountaineye1.Mountaineye,2.26,226.10,21.77
104.7@mountaineye1.Mountaineye,-,0.32,208.72,56.66
104.7@mountaineye1.Mountaineye,-,0.77,150.75,-56.57
104.7@mountaineye1.Mountaineye,-,0.59,157.74,-34.40
104.7@mountaineye1.Mountaineye,-,0.31,334.35,-15.03
104.7@mountaineye1.Mountaineye,104.8@mountaineye1.Mountaineye,9.32,276.06,2.53
104.8@mountaineye1.Mountaineye,-,4.86,4.98,1.53
104.8@mountaineye1.Mountaineye,-,6.99,55.01,-3.41
104.8@mountaineye1.Mountaineye,-,7.97,152.44,1.60
104.8@mountaineye1.Mountaineye,-,8.80,135.10,1.04
104.8@mountaineye1.Mountaineye,-,7.45,188.68,-0.15
104.8@mountaineye1.Mountaineye,-,0.21,167.04,63.12
104.8@mountaineye1.Mountaineye,-,2.47,113.02,-4.66
104.8@mountaineye1.Mountaineye,-,16.66,232.36,-1.43
104.8@mountaineye1.Mountaineye,-,6.61,311.40,1.51
104.8@mountaineye1.Mountaineye,104.9@mountaineye1.Mountaineye,19.16,255.48,-0.20
104.9@mountaineye1.Mountaineye,-,0.85,61.59,56.35
104.9@mountaineye1.Mountaineye,-,4.09,1.74,2.88
104.9@mountaineye1.Mountaineye,-,8.12,32.78,0.87
104.9@mountaineye1.Mountaineye,-,7.48,139.38,-1.63
104.9@mountaineye1.Mountaineye,-,5.46,96.06,-23.85
104.9@mountaineye1.Mountaineye,-,5.70,309.78,7.77
104.9@mountaineye1.Mountaineye,-,7.47,221.64,8.19
104.9@mountaineye1.Mountaineye,104.10@mountaineye1.Mountaineye,7.40,278.42,18.04
104.10@mountaineye1.Mountaineye,-,0.28,186.55,51.87
104.10@mountaineye1.Mountaineye,-,4.13,130.68,-35.34
104.10@mountaineye1.Mountaineye,-,9.49,117.72,-6.22
104.10@mountaineye1.Mountaineye,-,6.49,80.31,-11.50
104.10@mountaineye1.Mountaineye,-,0.59,1.81,0.20
104.10@mountaineye1.Mountaineye,-,6.68,183.41,-3.21
104.10@mountaineye1.Mountaineye,-,5.34,233.09,0.25
104.5@mountaineye1.Mountaineye,-,0.00,0.00,0.00
104.5@mountaineye1.Mountaineye,104.11@mountaineye1.Mountaineye,9.08,208.47,-3.29
104.11@mountaineye1.Mountaineye,-,2.22,196.40,-9.65
104.11@mountaineye1.Mountaineye,-,2.80,285.47,-4.40
104.11@mountaineye1.Mountaineye,104.12@mountaineye1.Mountaineye,17.07,253.13,1.70
1.8@mountaineye1.Mountaineye,105.0@mountaineye1.Mountaineye,50.00,0.00,0.00
1.19@mountaineye1.Mountaineye,106.0@mountaineye1.Mountaineye,0.00,0.00,0.00
106.0@mountaineye1.Mountaineye,-,3.35,127.49,-8.94
106.0@mountaineye1.Mountaineye,-,2.14,173.50,-13.68
106.0@mountaineye1.Mountaineye,-,4.27,157.35,-9.99
106.0@mountaineye1.Mountaineye,-,5.82,149.14,-8.34
106.0@mountaineye1.Mountaineye,106.1@mountaineye1.Mountaineye,7.80,142.33,-6.87
106.1@mountaineye1.Mountaineye,-,3.48,21.29,7.74
106.1@mountaineye1.Mountaineye,-,4.52,335.75,5.56
106.1@mountaineye1.Mountaineye,-,1.56,286.15,6.19
106.1@mountaineye1.Mountaineye,-,0.75,260.84,6.94
106.1@mountaineye1.Mountaineye,106.2@mountaineye1.Mountaineye,1.22,199.81,-6.57
106.2@mountaineye1.Mountaineye,-,0.47,96.67,65.81
106.2@mountaineye1.Mountaineye,-,0.78,47.58,-60.80
106.2@mountaineye1.Mountaineye,-,0.57,105.03,1.76
106.2@mountaineye1.Mountaineye,-,0.64,44.31,-4.12
106.2@mountaineye1.Mountaineye,106.3@mountaineye1.Mountaineye,1.64,83.44,2.94
106.3@mountaineye1.Mountaineye,-,0.42,12.79,1.01
106.3@mountaineye1.Mountaineye,-,0.56,329.68,4.64
106.3@mountaineye1.Mountaineye,-,0.80,185.78,-50.61
106.3@mountaineye1.Mountaineye,-,0.44,215.16,49.70
106.3@mountaineye1.Mountaineye,-,0.55,245.51,-11.95
106.3@mountaineye1.Mountaineye,106.4@mountaineye1.Mountaineye,2.22,181.26,0.45
106.4@mountaineye1.Mountaineye,-,0.99,293.75,-76.14
106.4@mountaineye1.Mountaineye,-,0.51,129.96,67.88
106.4@mountaineye1.Mountaineye,-,0.72,46.94,-4.42
106.4@mountaineye1.Mountaineye,-,0.50,129.86,-8.26
106.4@mountaineye1.Mountaineye,-,0.74,87.25,-6.44
106.4@mountaineye1.Mountaineye,-,1.35,2.80,-4.97
106.4@mountaineye1.Mountaineye,106.5@mountaineye1.Mountaineye,6.31,191.48,-21.15
106.5@mountaineye1.Mountaineye,1.28@mountaineye1.Mountaineye,11.79,60.42,26.28
106.5@mountaineye1.Mountaineye,-,0.00,0.00,0.00
106.5@mountaineye1.Mountaineye,-,0.90,149.08,6.49
106.5@mountaineye1.Mountaineye,-,5.07,4.40,16.29
106.5@mountaineye1.Mountaineye,-,4.24,15.32,18.42
106.5@mountaineye1.Mountaineye,-,3.17,41.13,14.21
106.5@mountaineye1.Mountaineye,-,3.46,74.23,8.16
106.5@mountaineye1.Mountaineye,-,11.11,244.29,2.57
106.5@mountaineye1.Mountaineye,-,4.17,328.90,24.86
1.42@mountaineye2.Mountaineye,1.43@mountaineye2.Mountaineye,4.86,68.10,3.46
1.43@mountaineye2.Mountaineye,1.44@mountaineye2.Mountaineye,4.40,31.64,2.14
1.44@mountaineye2.Mountaineye,1.45@mountaineye2.Mountaineye,7.29,92.63,-0.68
1.45@mountaineye2.Mountaineye,1.46@mountaineye2.Mountaineye,8.21,39.29,-2.99
1.46@mountaineye2.Mountaineye,1.47@mountaineye2.Mountaineye,12.93,41.55,1.03
1.47@mountaineye2.Mountaineye,1.48@mountaineye2.Mountaineye,6.96,123.72,1.94
1.48@mountaineye2.Mountaineye,1.49@mountaineye2.Mountaineye,10.01,157.13,-1.41
1.49@mountaineye2.Mountaineye,1.50@mountaineye2.Mountaineye,4.67,72.57,2.61
1.50@mountaineye2.Mountaineye,1.51@mountaineye2.Mountaineye,12.27,101.64,-1.09
1.51@mountaineye2.Mountaineye,1.52@mountaineye2.Mountaineye,5.02,106.26,-0.52
1.52@mountaineye2.Mountaineye,1.53@mountaineye2.Mountaineye,8.69,143.11,0.22
1.53@mountaineye2.Mountaineye,1.54@mountaineye2.Mountaineye,21.82,236.13,2.51
1.54@mountaineye2.Mountaineye,1.55@mountaineye2.Mountaineye,12.48,168.42,1.49
1.55@mountaineye2.Mountaineye,1.56@mountaineye2.Mountaineye,14.94,239.74,-0.34
1.56@mountaineye2.Mountaineye,1.57@mountaineye2.Mountaineye,10.55,186.37,-1.52
1.57@mountaineye2.Mountaineye,1.58@mountaineye2.Mountaineye,12.84,171.11,4.14
1.53@mountaineye2.Mountaineye,2.0@mountaineye2.Mountaineye,0.00,0.00,0.00
2.0@mountaineye2.Mountaineye,2.1@mountaineye2.Mountaineye,22.06,38.89,3.51
2.1@mountaineye2.Mountaineye,2.2@mountaineye2.Mountaineye,27.66,81.57,-2.24
2.2@mountaineye2.Mountaineye,2.3@mountaineye2.Mountaineye,28.51,77.52,1.32
2.3@mountaineye2.Mountaineye,2.4@mountaineye2.Mountaineye,9.15,118.76,2.76
2.4@mountaineye2.Mountaineye,2.5@mountaineye2.Mountaineye,21.86,154.59,0.19
2.5@mountaineye2.Mountaineye,2.6@mountaineye2.Mountaineye,35.67,43.86,-1.04
2.6@mountaineye2.Mountaineye,2.7@mountaineye2.Mountaineye,18.58,51.10,-1.79
2.7@mountaineye2.Mountaineye,2.8@mountaineye2.Mountaineye,24.28,55.56,4.51
2.8@mountaineye2.Mountaineye,2.9@mountaineye2.Mountaineye,6.47,124.05,-9.54
2.9@mountaineye2.Mountaineye,2.10@mountaineye2.Mountaineye,12.31,115.03,-2.03
2.10@mountaineye2.Mountaineye,2.11@mountaineye2.Mountaineye,16.49,66.57,7.42
2.11@mountaineye2.Mountaineye,2.12@mountaineye2.Mountaineye,15.99,82.41,-8.72
2.12@mountaineye2.Mountaineye,2.13@mountaineye2.Mountaineye,17.95,50.89,2.68
2.13@mountaineye2.Mountaineye,2.14@mountaineye2.Mountaineye,4.96,40.02,23.99
2.14@mountaineye2.Mountaineye,2.15@mountaineye2.Mountaineye,27.30,33.30,-2.63
2.15@mountaineye2.Mountaineye,2.16@mountaineye2.Mountaineye,13.12,19.95,2.98
2.16@mountaineye2.Mountaineye,2.17@mountaineye2.Mountaineye,10.94,17.66,-3.16
2.17@mountaineye2.Mountaineye,2.18@mountaineye2.Mountaineye,14.29,356.52,-5.27
2.18@mountaineye2.Mountaineye,2.19@mountaineye2.Mountaineye,16.50,356.97,-1.82
2.19@mountaineye2.Mountaineye,2.20@mountaineye2.Mountaineye,25.83,30.12,-0.59
2.20@mountaineye2.Mountaineye,2.21@mountaineye2.Mountaineye,15.59,16.52,-6.94
2.21@mountaineye2.Mountaineye,2.22@mountaineye2.Mountaineye,15.90,49.37,10.10
2.22@mountaineye2.Mountaineye,2.23@mountaineye2.Mountaineye,15.55,4.79,3.97
2.23@mountaineye2.Mountaineye,2.24@mountaineye2.Mountaineye,7.81,31.27,-29.19
2.24@mountaineye2.Mountaineye,2.25@mountaineye2.Mountaineye,7.94,359.93,-12.68
2.25@mountaineye2.Mountaineye,2.26@mountaineye2.Mountaineye,4.35,41.29,14.39
2.26@mountaineye2.Mountaineye,2.27@mountaineye2.Mountaineye,2.03,327.63,35.09
2.27@mountaineye2.Mountaineye,2.28@mountaineye2.Mountaineye,6.45,53.85,23.27
2.28@mountaineye2.Mountaineye,2.29@mountaineye2.Mountaineye,3.86,48.95,2.97
2.29@mountaineye2.Mountaineye,2.30@mountaineye2.Mountaineye,8.33,21.77,-13.58
2.30@mountaineye2.Mountaineye,2.31@mountaineye2.Mountaineye,13.84,27.85,-1.04
2.31@mountaineye2.Mountaineye,2.32@mountaineye2.Mountaineye,6.87,15.10,-17.53
2.32@mountaineye2.Mountaineye,2.33@mountaineye2.Mountaineye,8.84,22.40,-1.64
2.33@mountaineye2.Mountaineye,2.34@mountaineye2.Mountaineye,7.47,24.21,-2.39
2.34@mountaineye2.Mountaineye,2.35@mountaineye2.Mountaineye,4.18,44.79,6.06
2.35@mountaineye2.Mountaineye,2.36@mountaineye2.Mountaineye,6.60,12.80,8.65
2.36@mountaineye2.Mountaineye,2.37@mountaineye2.Mountaineye,14.08,26.53,0.85
2.37@mountaineye2.Mountaineye,2.38@mountaineye2.Mountaineye,19.06,29.77,-5.78
2.38@mountaineye2.Mountaineye,2.39@mountaineye2.Mountaineye,11.54,34.85,4.47
2.39@mountaineye2.Mountaineye,2.40@mountaineye2.Mountaineye,9.78,34.27,-2.22
2.40@mountaineye2.Mountaineye,2.41@mountaineye2.Mountaineye,6.20,29.01,-1.46
2.41@mountaineye2.Mountaineye,2.42@mountaineye2.Mountaineye,8.82,46.21,0.07
2.42@mountaineye2.Mountaineye,2.43@mountaineye2.Mountaineye,7.06,18.25,1.60
2.43@mountaineye2.Mountaineye,2.44@mountaineye2.Mountaineye,11.12,58.62,-0.14
2.44@mountaineye2.Mountaineye,2.45@mountaineye2.Mountaineye,5.83,51.55,-13.72
2.45@mountaineye2.Mountaineye,2.46@mountaineye2.Mountaineye,13.20,42.99,3.68
2.46@mountaineye2.Mountaineye,2.47@mountaineye2.Mountaineye,4.25,72.71,-6.65
2.47@mountaineye2.Mountaineye,2.48@mountaineye2.Mountaineye,6.57,15.43,1.10
2.48@mountaineye2.Mountaineye,2.49@mountaineye2.Mountaineye,7.36,25.78,3.44
2.49@mountaineye2.Mountaineye,2.50@mountaineye2.Mountaineye,12.29,42.36,5.90
2.50@mountaineye2.Mountaineye,2.51@mountaineye2.Mountaineye,15.83,11.30,4.46
2.51@mountaineye2.Mountaineye,2.52@mountaineye2.Mountaineye,5.71,24.99,-27.64
2.52@mountaineye2.Mountaineye,2.53@mountaineye2.Mountaineye,39.74,62.98,-3.10
2.53@mountaineye2.Mountaineye,2.54@mountaineye2.Mountaineye,27.08,41.56,-0.99
2.54@mountaineye2.Mountaineye,2.55@mountaineye2.Mountaineye,28.92,69.49,-0.36
2.55@mountaineye2.Mountaineye,2.56@mountaineye2.Mountaineye,21.56,86.05,-0.11
2.56@mountaineye2.Mountaineye,2.57@mountaineye2.Mountaineye,26.00,106.38,-0.39
2.57@mountaineye2.Mountaineye,2.58@mountaineye2.Mountaineye,35.55,103.20,-1.03
2.58@mountaineye2.Mountaineye,2.59@mountaineye2.Mountaineye,29.58,73.08,0.76
2.59@mountaineye2.Mountaineye,2.60@mountaineye2.Mountaineye,32.02,87.86,1.34
2.60@mountaineye2.Mountaineye,2.61@mountaineye2.Mountaineye,38.92,56.13,-1.19
2.61@mountaineye2.Mountaineye,2.62@mountaineye2.Mountaineye,34.19,29.33,2.64
2.62@mountaineye2.Mountaineye,2.63@mountaineye2.Mountaineye,22.17,45.50,-3.03
2.63@mountaineye2.Mountaineye,2.64@mountaineye2.Mountaineye,21.11,75.27,5.57
2.64@mountaineye3.Mountaineye,2.65@mountaineye3.Mountaineye,29.58,16.62,-3.82
2.65@mountaineye3.Mountaineye,2.66@mountaineye3.Mountaineye,19.97,344.36,-2.38
2.66@mountaineye3.Mountaineye,2.67@mountaineye3.Mountaineye,22.06,59.43,1.35
2.67@mountaineye3.Mountaineye,2.68@mountaineye3.Mountaineye,25.70,94.56,-0.80
2.68@mountaineye3.Mountaineye,2.69@mountaineye3.Mountaineye,22.27,101.40,0.89
2.69@mountaineye3.Mountaineye,2.70@mountaineye3.Mountaineye,35.26,161.14,6.24
2.70@mountaineye3.Mountaineye,2.71@mountaineye3.Mountaineye,29.33,62.69,-6.18
2.71@mountaineye3.Mountaineye,2.72@mountaineye3.Mountaineye,30.75,66.17,-2.73
2.72@mountaineye3.Mountaineye,2.73@mountaineye3.Mountaineye,26.88,44.82,4.69
2.73@mountaineye3.Mountaineye,2.74@mountaineye3.Mountaineye,25.02,63.48,10.50
2.74@mountaineye3.Mountaineye,2.75@mountaineye3.Mountaineye,28.11,58.21,3.11
2.75@mountaineye3.Mountaineye,2.76@mountaineye3.Mountaineye,32.29,108.76,-12.61
2.76@mountaineye3.Mountaineye,2.77@mountaineye3.Mountaineye,38.23,66.12,4.01
2.77@mountaineye3.Mountaineye,2.78@mountaineye3.Mountaineye,25.28,15.00,5.75
2.78@mountaineye3.Mountaineye,2.79@mountaineye3.Mountaineye,24.10,69.58,-19.99
2.79@mountaineye3.Mountaineye,2.80@mountaineye3.Mountaineye,48.65,29.86,28.19
2.80@mountaineye3.Mountaineye,2.81@mountaineye3.Mountaineye,20.35,84.47,34.26
2.81@mountaineye3.Mountaineye,2.82@mountaineye3.Mountaineye,3.37,92.99,20.11
2.82@mountaineye3.Mountaineye,2.83@mountaineye3.Mountaineye,21.28,46.21,-3.58
2.83@mountaineye3.Mountaineye,2.84@mountaineye3.Mountaineye,9.39,32.37,-18.54
2.84@mountaineye3.Mountaineye,2.85@mountaineye3.Mountaineye,10.18,23.27,-30.52
2.85@mountaineye3.Mountaineye,2.86@mountaineye3.Mountaineye,6.90,109.77,-16.71
2.86@mountaineye3.Mountaineye,2.87@mountaineye3.Mountaineye,13.73,43.76,-36.98
2.87@mountaineye3.Mountaineye,2.88@mountaineye3.Mountaineye,18.07,51.85,-4.17
2.88@mountaineye3.Mountaineye,2.89@mountaineye3.Mountaineye,13.20,332.24,-16.36
2.89@mountaineye3.Mountaineye,2.90@mountaineye3.Mountaineye,19.09,353.29,-16.26
2.90@mountaineye3.Mountaineye,2.91@mountaineye3.Mountaineye,22.61,46.71,-0.10
2.91@mountaineye3.Mountaineye,2.92@mountaineye3.Mountaineye,17.06,131.59,-1.38
2.92@mountaineye3.Mountaineye,2.93@mountaineye3.Mountaineye,17.65,54.42,-0.19
2.93@mountaineye3.Mountaineye,2.94@mountaineye3.Mountaineye,19.78,126.97,18.51
2.94@mountaineye3.Mountaineye,2.95@mountaineye3.Mountaineye,28.34,61.39,-6.01
2.88@mountaineye3.Mountaineye,201.1@mountaineye3.Mountaineye,8.06,115.13,-6.79
201.1@mountaineye3.Mountaineye,202.1@mountaineye3.Mountaineye,20.63,137.41,-2.64
201.1@mountaineye3.Mountaineye,201.2@mountaineye3.Mountaineye,49.59,90.29,-1.96
201.2@mountaineye3.Mountaineye,202.1@mountaineye3.Mountaineye,39.04,246.74,1.21
201.2@mountaineye3.Mountaineye,201.3@mountaineye3.Mountaineye,22.34,4.93,1.57
201.3@mountaineye3.Mountaineye,2.94@mountaineye3.Mountaineye,16.75,330.05,-4.97
2.96@mountaineye3.Mountaineye,2.95@mountaineye3.Mountaineye,19.80,220.17,13.23
2.96@mountaineye3.Mountaineye,2.97@mountaineye3.Mountaineye,24.49,108.22,14.93
2.97@mountaineye3.Mountaineye,2.98@mountaineye3.Mountaineye,11.84,138.36,16.39
2.98@mountaineye3.Mountaineye,2.99@mountaineye3.Mountaineye,53.77,106.27,18.06
2.97@mountaineye3.Mountaineye,3.0@mountaineye3.Mountaineye,0.00,0.00,0.00
2.91@mountaineye3.Mountaineye,205.0@mountaineye3.Mountaineye,100.00,180.00,0.00
3.0@mountaineye3.Mountaineye,3.1@mountaineye3.Mountaineye,7.01,193.98,-19.08
3.1@mountaineye3.Mountaineye,3.2@mountaineye3.Mountaineye,12.88,130.68,-2.92
3.2@mountaineye3.Mountaineye,3.3@mountaineye3.Mountaineye,23.82,124.34,-0.81
3.3@mountaineye3.Mountaineye,3.4@mountaineye3.Mountaineye,11.69,247.57,-2.85
3.4@mountaineye3.Mountaineye,3.5@mountaineye3.Mountaineye,29.48,135.09,1.44
3.5@mountaineye3.Mountaineye,3.6@mountaineye3.Mountaineye,15.59,133.71,-4.33
3.6@mountaineye3.Mountaineye,3.7@mountaineye3.Mountaineye,9.33,51.89,4.74
3.7@mountaineye3.Mountaineye,3.8@mountaineye3.Mountaineye,13.04,143.26,9.13
3.8@mountaineye3.Mountaineye,3.9@mountaineye3.Mountaineye,9.19,136.58,-8.45
3.9@mountaineye3.Mountaineye,3.10@mountaineye3.Mountaineye,32.47,140.41,-2.87
2.96@mountaineye3.Mountaineye,203.1@mountaineye3.Mountaineye,9.42,223.65,-30.75
204.1@mountaineye3.Mountaineye,2.94@mountaineye3.Mountaineye,23.98,159.89,18.60
204.1@mountaineye3.Mountaineye,204.2@mountaineye3.Mountaineye,2.96,277.19,27.89
2.78@mountaineye3.Mountaineye,4.1@mountaineye3.Mountaineye,23.67,2.01,14.27
4.1@mountaineye3.Mountaineye,4.2@mountaineye3.Mountaineye,17.40,282.06,10.18
4.2@mountaineye3.Mountaineye,4.3@mountaineye3.Mountaineye,23.59,349.89,2.91
4.3@mountaineye3.Mountaineye,4.4@mountaineye3.Mountaineye,28.21,329.43,2.68
4.4@mountaineye3.Mountaineye,4.5@mountaineye3.Mountaineye,35.23,299.28,-5.60
4.5@mountaineye3.Mountaineye,4.6@mountaineye3.Mountaineye,23.62,280.46,0.56
4.6@mountaineye3.Mountaineye,4.7@mountaineye3.Mountaineye,39.67,265.83,-0.26
4.7@mountaineye3.Mountaineye,4.8@mountaineye3.Mountaineye,24.09,275.21,0.47
4.8@mountaineye3.Mountaineye,4.9@mountaineye3.Mountaineye,34.27,177.21,-0.19
4.9@mountaineye3.Mountaineye,4.10@mountaineye3.Mountaineye,13.59,247.76,-1.25
4.10@mountaineye3.Mountaineye,4.11@mountaineye3.Mountaineye,13.49,272.72,-0.55
4.11@mountaineye3.Mountaineye,4.12@mountaineye3.Mountaineye,13.60,226.43,-0.28
4.12@mountaineye3.Mountaineye,4.13@mountaineye3.Mountaineye,12.58,204.36,-2.17
4.13@mountaineye3.Mountaineye,4.14@mountaineye3.Mountaineye,10.61,222.81,-0.78
4.14@mountaineye3.Mountaineye,4.15@mountaineye3.Mountaineye,16.88,213.27,2.31
4.15@mountaineye3.Mountaineye,4.16@mountaineye3.Mountaineye,12.30,197.38,-1.76
4.16@mountaineye3.Mountaineye,4.17@mountaineye3.Mountaineye,11.86,240.59,2.98
4.17@mountaineye3.Mountaineye,4.18@mountaineye3.Mountaineye,13.33,216.32,-4.18
4.18@mountaineye3.Mountaineye,4.19@mountaineye3.Mountaineye,2.96,188.19,-4.26
3.10@mountaineye4.Mountaineye,3.11@mountaineye4.Mountaineye,13.12,80.74,-3.28
3.11@mountaineye4.Mountaineye,3.12@mountaineye4.Mountaineye,2.37,291.71,-81.16
3.12@mountaineye4.Mountaineye,3.13@mountaineye4.Mountaineye,3.20,131.03,-5.38
3.13@mountaineye4.Mountaineye,3.14@mountaineye4.Mountaineye,1.19,75.54,-2.94
3.14@mountaineye4.Mountaineye,3.15@mountaineye4.Mountaineye,2.45,119.27,0.14
3.15@mountaineye4.Mountaineye,3.16@mountaineye4.Mountaineye,0.18,92.89,-4.49
3.16@mountaineye4.Mountaineye,3.17@mountaineye4.Mountaineye,3.77,105.01,-3.14
3.17@mountaineye4.Mountaineye,3.18@mountaineye4.Mountaineye,1.81,149.06,-5.83
3.18@mountaineye4.Mountaineye,3.19@mountaineye4.Mountaineye,1.90,72.72,2.08
3.19@mountaineye4.Mountaineye,3.20@mountaineye4.Mountaineye,4.79,113.13,-3.70
3.20@mountaineye4.Mountaineye,3.21@mountaineye4.Mountaineye,3.50,65.55,7.54
3.21@mountaineye4.Mountaineye,3.22@mountaineye4.Mountaineye,3.27,128.62,-44.35
3.22@mountaineye4.Mountaineye,3.23@mountaineye4.Mountaineye,3.75,114.86,-13.60
3.23@mountaineye4.Mountaineye,3.24@mountaineye4.Mountaineye,1.26,205.35,6.39
3.24@mountaineye4.Mountaineye,3.25@mountaineye4.Mountaineye,3.82,123.14,-1.14
3.25@mountaineye4.Mountaineye,3.26@mountaineye4.Mountaineye,4.35,147.96,1.00
3.26@mountaineye4.Mountaineye,3.27@mountaineye4.Mountaineye,7.18,161.64,-4.62
3.27@mountaineye4.Mountaineye,3.28@mountaineye4.Mountaineye,5.85,167.88,-2.82
3.28@mountaineye4.Mountaineye,3.29@mountaineye4.Mountaineye,4.79,147.18,3.55
3.29@mountaineye4.Mountaineye,3.30@mountaineye4.Mountaineye,8.75,147.42,2.01
3.30@mountaineye4.Mountaineye,3.31@mountaineye4.Mountaineye,5.78,209.39,-1.81
3.31@mountaineye4.Mountaineye,3.32@mountaineye4.Mountaineye,14.33,180.29,0.06
3.32@mountaineye4.Mountaineye,3.33@mountaineye4.Mountaineye,6.03,157.54,1.18
3.33@mountaineye4.Mountaineye,3.34@mountaineye4.Mountaineye,6.72,124.30,-2.37
3.34@mountaineye4.Mountaineye,3.35@mountaineye4.Mountaineye,3.18,158.18,-2.14
3.35@mountaineye4.Mountaineye,3.36@mountaineye4.Mountaineye,6.58,142.24,1.81
3.36@mountaineye4.Mountaineye,3.37@mountaineye4.Mountaineye,11.80,134.65,-2.87
3.37@mountaineye4.Mountaineye,3.38@mountaineye4.Mountaineye,10.94,56.90,2.65
3.38@mountaineye4.Mountaineye,3.39@mountaineye4.Mountaineye,11.91,5.75,-0.11
3.39@mountaineye4.Mountaineye,3.40@mountaineye4.Mountaineye,8.25,28.90,-0.52
3.40@mountaineye4.Mountaineye,3.41@mountaineye4.Mountaineye,7.31,6.72,0.64
3.41@mountaineye4.Mountaineye,3.42@mountaineye4.Mountaineye,11.20,40.36,0.31
3.42@mountaineye4.Mountaineye,3.43@mountaineye4.Mountaineye,18.15,348.24,3.03
3.43@mountaineye4.Mountaineye,3.44@mountaineye4.Mountaineye,9.80,63.31,-0.78
3.44@mountaineye4.Mountaineye,3.45@mountaineye4.Mountaineye,8.39,5.88,2.08
3.45@mountaineye4.Mountaineye,3.46@mountaineye4.Mountaineye,5.13,35.76,2.47
3.46@mountaineye4.Mountaineye,3.47@mountaineye4.Mountaineye,2.48,21.22,-14.87
3.47@mountaineye4.Mountaineye,3.48@mountaineye4.Mountaineye,5.58,35.80,-3.03
3.48@mountaineye4.Mountaineye,3.49@mountaineye4.Mountaineye,4.63,107.29,19.83
3.49@mountaineye4.Mountaineye,3.50@mountaineye4.Mountaineye,8.33,1.89,2.79
3.50@mountaineye4.Mountaineye,3.51@mountaineye4.Mountaineye,15.47,48.21,0.00
3.51@mountaineye4.Mountaineye,3.52@mountaineye4.Mountaineye,4.58,6.39,0.16
3.52@mountaineye4.Mountaineye,3.53@mountaineye4.Mountaineye,12.92,53.26,0.47
3.53@mountaineye4.Mountaineye,3.54@mountaineye4.Mountaineye,10.12,85.05,-10.08
3.54@mountaineye4.Mountaineye,3.55@mountaineye4.Mountaineye,14.62,82.75,2.49
3.55@mountaineye4.Mountaineye,3.56@mountaineye4.Mountaineye,15.57,22.07,2.83
3.56@mountaineye4.Mountaineye,3.57@mountaineye4.Mountaineye,22.33,74.15,-1.26
3.57@mountaineye4.Mountaineye,3.58@mountaineye4.Mountaineye,10.39,10.16,4.41
3.58@mountaineye4.Mountaineye,3.59@mountaineye4.Mountaineye,13.06,354.77,1.46
3.59@mountaineye4.Mountaineye,3.60@mountaineye4.Mountaineye,13.03,354.26,1.57
3.60@mountaineye4.Mountaineye,3.61@mountaineye4.Mountaineye,5.11,309.17,-0.56
3.61@mountaineye4.Mountaineye,3.62@mountaineye4.Mountaineye,12.75,33.46,-3.04
3.62@mountaineye4.Mountaineye,3.63@mountaineye4.Mountaineye,10.50,335.09,-1.33
3.63@mountaineye4.Mountaineye,3.64@mountaineye4.Mountaineye,14.27,18.16,2.17
3.64@mountaineye4.Mountaineye,3.65@mountaineye4.Mountaineye,18.70,11.94,-0.64
3.65@mountaineye4.Mountaineye,3.66@mountaineye4.Mountaineye,19.92,56.49,1.42
3.66@mountaineye4.Mountaineye,3.67@mountaineye4.Mountaineye,11.29,3.24,0.64
3.67@mountaineye4.Mountaineye,3.68@mountaineye4.Mountaineye,15.55,315.89,-1.74
3.68@mountaineye4.Mountaineye,3.69@mountaineye4.Mountaineye,19.19,13.45,2.57
3.69@mountaineye4.Mountaineye,3.70@mountaineye4.Mountaineye,21.55,334.24,0.24
3.70@mountaineye4.Mountaineye,3.71@mountaineye4.Mountaineye,10.72,63.35,-1.52
3.71@mountaineye4.Mountaineye,3.72@mountaineye4.Mountaineye,13.90,358.19,-0.31
3.72@mountaineye4.Mountaineye,3.73@mountaineye4.Mountaineye,9.17,329.47,0.27
3.73@mountaineye4.Mountaineye,3.74@mountaineye4.Mountaineye,5.51,333.51,-1.03
3.74@mountaineye4.Mountaineye,3.75@mountaineye4.Mountaineye,7.26,348.41,-1.07
3.75@mountaineye4.Mountaineye,3.76@mountaineye4.Mountaineye,3.01,21.96,20.36
3.76@mountaineye4.Mountaineye,3.77@mountaineye4.Mountaineye,3.31,327.75,0.73
3.77@mountaineye4.Mountaineye,3.78@mountaineye4.Mountaineye,1.71,356.72,7.45
3.78@mountaineye4.Mountaineye,3.79@mountaineye4.Mountaineye,5.95,2.18,-11.46
3.79@mountaineye4.Mountaineye,3.80@mountaineye4.Mountaineye,8.74,354.50,-0.77
3.80@mountaineye4.Mountaineye,3.81@mountaineye4.Mountaineye,16.05,344.33,2.92
3.81@mountaineye4.Mountaineye,3.82@mountaineye4.Mountaineye,22.11,335.13,2.67
3.82@mountaineye4.Mountaineye,3.83@mountaineye4.Mountaineye,17.62,7.12,-1.47
3.83@mountaineye4.Mountaineye,3.84@mountaineye4.Mountaineye,9.40,315.38,6.48
3.84@mountaineye4.Mountaineye,3.85@mountaineye4.Mountaineye,13.52,50.36,-5.35
3.85@mountaineye4.Mountaineye,3.86@mountaineye4.Mountaineye,16.69,56.71,-4.57
3.86@mountaineye4.Mountaineye,3.87@mountaineye4.Mountaineye,22.99,39.46,2.28
3.87@mountaineye4.Mountaineye,3.88@mountaineye4.Mountaineye,11.69,6.57,10.75
3.88@mountaineye4.Mountaineye,3.89@mountaineye4.Mountaineye,9.40,60.15,-0.73
3.89@mountaineye4.Mountaineye,3.90@mountaineye4.Mountaineye,36.60,10.12,1.23
3.90@mountaineye4.Mountaineye,3.91@mountaineye4.Mountaineye,5.07,88.29,-1.34
3.91@mountaineye4.Mountaineye,3.92@mountaineye4.Mountaineye,16.80,65.36,-13.71
3.92@mountaineye4.Mountaineye,3.93@mountaineye4.Mountaineye,24.75,31.62,-4.35
3.93@mountaineye4.Mountaineye,3.94@mountaineye4.Mountaineye,16.78,7.19,-3.18
3.94@mountaineye4.Mountaineye,3.95@mountaineye4.Mountaineye,16.89,73.13,0.76
3.95@mountaineye4.Mountaineye,3.96@mountaineye4.Mountaineye,16.35,49.95,0.64
3.96@mountaineye4.Mountaineye,3.97@mountaineye4.Mountaineye,17.89,25.91,-0.57
3.97@mountaineye4.Mountaineye,3.98@mountaineye4.Mountaineye,18.18,59.31,0.88
3.98@mountaineye4.Mountaineye,3.99@mountaineye4.Mountaineye,7.46,25.19,0.28
3.99@mountaineye4.Mountaineye,3.100@mountaineye4.Mountaineye,12.03,62.32,5.22
3.100@mountaineye4.Mountaineye,3.101@mountaineye4.Mountaineye,9.86,46.14,-10.22
3.101@mountaineye4.Mountaineye,3.102@mountaineye4.Mountaineye,12.38,76.65,26.61
3.102@mountaineye4.Mountaineye,3.103@mountaineye4.Mountaineye,12.93,349.50,25.73
3.103@mountaineye4.Mountaineye,3.104@mountaineye4.Mountaineye,10.32,30.38,0.47
3.104@mountaineye4.Mountaineye,5.1@mountaineye4.Mountaineye,62.70,231.18,-0.18
5.1@mountaineye4.Mountaineye,5.2@mountaineye4.Mountaineye,20.44,325.78,6.87
3.104@mountaineye4.Mountaineye,3.105@mountaineye4.Mountaineye,20.43,128.04,-0.27
3.105@mountaineye4.Mountaineye,3.106@mountaineye4.Mountaineye,45.17,63.88,2.18
3.106@mountaineye4.Mountaineye,3.107@mountaineye4.Mountaineye,41.59,9.83,0.01
3.107@mountaineye4.Mountaineye,3.108@mountaineye4.Mountaineye,36.05,30.67,0.66
3.108@mountaineye4.Mountaineye,3.109@mountaineye4.Mountaineye,36.31,11.25,-0.82
3.109@mountaineye4.Mountaineye,3.110@mountaineye4.Mountaineye,44.62,38.19,22.33
3.110@mountaineye4.Mountaineye,3.111@mountaineye4.Mountaineye,27.72,44.30,10.27
3.111@mountaineye4.Mountaineye,3.112@mountaineye4.Mountaineye,10.71,16.08,0.74
3.112@mountaineye4.Mountaineye,3.113@mountaineye4.Mountaineye,11.32,20.47,31.66
3.113@mountaineye4.Mountaineye,3.114@mountaineye4.Mountaineye,26.77,29.38,31.95
3.114@mountaineye4.Mountaineye,3.115@mountaineye4.Mountaineye,9.94,137.14,9.25
3.104@mountaineye4.Mountaineye,5.1@mountaineye4.Mountaineye,62.70,231.18,-0.18
5.1@mountaineye4.Mountaineye,5.2@mountaineye4.Mountaineye,20.44,325.78,6.87
3.70@mountaineye4.Mountaineye,301.0@mountaineye4.Mountaineye,0.00,0.00,0.00
301.0@mountaineye4.Mountaineye,301.1@mountaineye4.Mountaineye,7.52,207.72,6.52
301.1@mountaineye4.Mountaineye,301.2@mountaineye4.Mountaineye,20.28,279.49,11.96
301.2@mountaineye4.Mountaineye,301.3@mountaineye4.Mountaineye,32.40,237.48,0.90
301.3@mountaineye4.Mountaineye,301.4@mountaineye4.Mountaineye,34.72,256.85,7.65
301.4@mountaineye4.Mountaineye,301.5@mountaineye4.Mountaineye,43.23,254.40,-5.93
301.5@mountaineye4.Mountaineye,301.6@mountaineye4.Mountaineye,9.35,171.99,4.24
301.6@mountaineye4.Mountaineye,301.7@mountaineye4.Mountaineye,26.74,187.60,16.44
1.58@mountaineye5.Mountaineye,1.59@mountaineye5.Mountaineye,18.46,221.54,-5.67
1.59@mountaineye5.Mountaineye,1.60@mountaineye5.Mountaineye,19.45,190.37,4.79
1.60@mountaineye5.Mountaineye,1.61@mountaineye5.Mountaineye,17.04,255.58,-0.40
1.61@mountaineye5.Mountaineye,1.62@mountaineye5.Mountaineye,14.83,194.86,1.79
1.62@mountaineye5.Mountaineye,1.63@mountaineye5.Mountaineye,25.96,199.14,-3.52
1.63@mountaineye5.Mountaineye,1.64@mountaineye5.Mountaineye,18.48,206.22,5.96
1.64@mountaineye5.Mountaineye,1.65@mountaineye5.Mountaineye,22.45,207.36,-2.20
1.65@mountaineye5.Mountaineye,1.66@mountaineye5.Mountaineye,15.01,233.92,1.70
1.66@mountaineye5.Mountaineye,1.67@mountaineye5.Mountaineye,37.39,198.98,-0.15
1.67@mountaineye5.Mountaineye,1.68@mountaineye5.Mountaineye,39.17,213.49,-0.01
1.68@mountaineye5.Mountaineye,1.69@mountaineye5.Mountaineye,35.59,142.69,0.81
1.69@mountaineye5.Mountaineye,1.70@mountaineye5.Mountaineye,25.22,201.60,-2.47
1.70@mountaineye5.Mountaineye,1.71@mountaineye5.Mountaineye,19.58,242.73,4.29
1.71@mountaineye5.Mountaineye,1.72@mountaineye5.Mountaineye,17.19,197.41,-3.83
1.72@mountaineye5.Mountaineye,1.73@mountaineye5.Mountaineye,46.81,208.68,0.89
1.73@mountaineye5.Mountaineye,1.74@mountaineye5.Mountaineye,23.77,208.91,-1.71
1.74@mountaineye5.Mountaineye,1.75@mountaineye5.Mountaineye,21.53,155.34,2.46
1.75@mountaineye5.Mountaineye,1.76@mountaineye5.Mountaineye,29.90,189.04,-1.65
1.76@mountaineye5.Mountaineye,1.77@mountaineye5.Mountaineye,30.06,210.56,2.18
1.77@mountaineye5.Mountaineye,1.78@mountaineye5.Mountaineye,19.91,216.32,-1.32
1.78@mountaineye5.Mountaineye,1.79@mountaineye5.Mountaineye,18.53,275.40,1.08
1.79@mountaineye5.Mountaineye,1.80@mountaineye5.Mountaineye,10.94,183.63,-1.76
1.80@mountaineye5.Mountaineye,1.81@mountaineye5.Mountaineye,18.48,238.88,2.93
1.81@mountaineye5.Mountaineye,1.82@mountaineye5.Mountaineye,28.18,150.34,-1.13
1.82@mountaineye5.Mountaineye,1.83@mountaineye5.Mountaineye,24.10,196.11,9.89
1.83@mountaineye5.Mountaineye,1.84@mountaineye5.Mountaineye,17.47,294.02,-1.20
1.84@mountaineye5.Mountaineye,1.85@mountaineye5.Mountaineye,21.19,207.61,3.42
1.85@mountaineye5.Mountaineye,1.86@mountaineye5.Mountaineye,11.44,175.04,19.83
1.86@mountaineye5.Mountaineye,1.87@mountaineye5.Mountaineye,24.00,114.22,-3.88
1.87@mountaineye5.Mountaineye,1.88@mountaineye5.Mountaineye,13.25,179.47,-14.99
1.88@mountaineye5.Mountaineye,1.89@mountaineye5.Mountaineye,13.06,225.96,-4.00
1.89@mountaineye5.Mountaineye,1.90@mountaineye5.Mountaineye,13.39,262.52,6.89
1.90@mountaineye5.Mountaineye,1.91@mountaineye5.Mountaineye,15.81,208.14,-0.56
1.91@mountaineye5.Mountaineye,1.92@mountaineye5.Mountaineye,30.03,194.28,0.24
1.92@mountaineye5.Mountaineye,1.93@mountaineye5.Mountaineye,20.68,208.44,-1.46
1.93@mountaineye5.Mountaineye,1.94@mountaineye5.Mountaineye,17.56,217.87,0.59
1.94@mountaineye5.Mountaineye,1.95@mountaineye5.Mountaineye,13.14,235.21,1.00
1.95@mountaineye5.Mountaineye,1.96@mountaineye5.Mountaineye,25.15,193.49,-1.16
1.96@mountaineye5.Mountaineye,1.97@mountaineye5.Mountaineye,21.63,183.14,0.16
1.97@mountaineye5.Mountaineye,1.98@mountaineye5.Mountaineye,26.64,212.82,0.44
1.98@mountaineye5.Mountaineye,1.99@mountaineye5.Mountaineye,20.35,215.86,5.10
1.99@mountaineye5.Mountaineye,1.100@mountaineye5.Mountaineye,19.08,207.77,0.00
1.100@mountaineye5.Mountaineye,1.101@mountaineye5.Mountaineye,25.93,215.99,-5.17
1.101@mountaineye5.Mountaineye,1.102@mountaineye5.Mountaineye,23.72,175.65,1.36
1.102@mountaineye5.Mountaineye,1.103@mountaineye5.Mountaineye,29.39,212.54,1.62
1.103@mountaineye5.Mountaineye,1.104@mountaineye5.Mountaineye,30.98,219.04,-1.25
1.104@mountaineye5.Mountaineye,1.105@mountaineye5.Mountaineye,18.34,215.63,-2.35
1.105@mountaineye5.Mountaineye,1.106@mountaineye5.Mountaineye,17.04,181.01,-3.51
1.106@mountaineye5.Mountaineye,1.107@mountaineye5.Mountaineye,18.31,134.62,2.51
1.107@mountaineye5.Mountaineye,1.108@mountaineye5.Mountaineye,8.34,221.32,6.91
1.108@mountaineye5.Mountaineye,1.109@mountaineye5.Mountaineye,6.14,171.55,-18.64
1.109@mountaineye5.Mountaineye,1.110@mountaineye5.Mountaineye,11.09,179.63,-0.02
1.110@mountaineye5.Mountaineye,1.111@mountaineye5.Mountaineye,8.77,200.27,3.46
1.111@mountaineye5.Mountaineye,1.112@mountaineye5.Mountaineye,8.14,166.11,0.26
1.112@mountaineye5.Mountaineye,1.113@mountaineye5.Mountaineye,17.00,238.27,0.01
1.113@mountaineye5.Mountaineye,1.114@mountaineye5.Mountaineye,9.97,156.20,2.62
1.114@mountaineye5.Mountaineye,1.115@mountaineye5.Mountaineye,16.97,231.11,-1.96
1.115@mountaineye5.Mountaineye,1.116@mountaineye5.Mountaineye,18.97,193.13,-1.60
1.116@mountaineye5.Mountaineye,1.117@mountaineye5.Mountaineye,21.40,176.05,2.06
1.117@mountaineye5.Mountaineye,1.118@mountaineye5.Mountaineye,10.30,203.55,11.44
105.0@mountaineye20.Mountaineye,105.1@mountaineye20.Mountaineye,11.61,332.28,-0.06
105.1@mountaineye20.Mountaineye,105.2@mountaineye20.Mountaineye,4.93,335.52,-1.36
105.2@mountaineye20.Mountaineye,105.3@mountaineye20.Mountaineye,9.45,35.15,0.50
105.3@mountaineye20.Mountaineye,105.4@mountaineye20.Mountaineye,5.08,342.21,-5.22
105.4@mountaineye20.Mountaineye,105.5@mountaineye20.Mountaineye,6.12,38.05,10.43
105.5@mountaineye20.Mountaineye,105.6@mountaineye20.Mountaineye,17.15,67.75,-1.29
105.6@mountaineye20.Mountaineye,105.7@mountaineye20.Mountaineye,8.93,24.76,0.80
105.7@mountaineye20.Mountaineye,105.8@mountaineye20.Mountaineye,15.25,63.56,-2.09
105.8@mountaineye20.Mountaineye,105.9@mountaineye20.Mountaineye,5.38,45.86,4.23
105.9@mountaineye20.Mountaineye,105.10@mountaineye20.Mountaineye,17.43,22.29,1.32
105.10@mountaineye20.Mountaineye,105.11@mountaineye20.Mountaineye,8.07,81.55,-1.62
105.11@mountaineye20.Mountaineye,105.12@mountaineye20.Mountaineye,12.14,34.29,-1.21
205.1@mountaineye21.Mountaineye,205.2@mountaineye21.Mountaineye,5.03,94.42,-2.13
205.2@mountaineye21.Mountaineye,205.3@mountaineye21.Mountaineye,22.52,208.96,1.27
205.3@mountaineye21.Mountaineye,205.4@mountaineye21.Mountaineye,7.94,120.77,-7.74
204.0@mountaineye22.Mountaineye,204.3@mountaineye22.Mountaineye,4.11,352.25,-27.03
204.3@mountaineye22.Mountaineye,204.4@mountaineye22.Mountaineye,6.08,302.62,6.75
204.4@mountaineye22.Mountaineye,204.5@mountaineye22.Mountaineye,12.89,264.64,-2.02
204.5@mountaineye22.Mountaineye,204.6@mountaineye22.Mountaineye,24.11,243.71,0.61
204.6@mountaineye22.Mountaineye,204.7@mountaineye22.Mountaineye,8.56,156.34,-5.70
204.3@mountaineye22.Mountaineye,206.1@mountaineye22.Mountaineye,7.09,358.41,-2.25
206.1@mountaineye22.Mountaineye,206.2@mountaineye22.Mountaineye,8.26,345.74,-15.38
206.2@mountaineye22.Mountaineye,206.3@mountaineye22.Mountaineye,10.48,322.26,18.42
206.3@mountaineye22.Mountaineye,206.4@mountaineye22.Mountaineye,6.65,271.21,-10.73
206.4@mountaineye22.Mountaineye,206.5@mountaineye22.Mountaineye,3.38,339.02,-10.38
206.5@mountaineye22.Mountaineye,206.6@mountaineye22.Mountaineye,3.99,287.38,-5.36
206.6@mountaineye22.Mountaineye,206.7@mountaineye22.Mountaineye,2.84,8.20,0.06
206.7@mountaineye22.Mountaineye,206.8@mountaineye22.Mountaineye,5.15,262.23,-0.19
206.8@mountaineye22.Mountaineye,206.9@mountaineye22.Mountaineye,9.09,8.32,0.18
203.2@mountaineye23.Mountaineye,203.3@mountaineye23.Mountaineye,13.14,35.90,-2.40
203.3@mountaineye23.Mountaineye,203.4@mountaineye23.Mountaineye,9.91,317.66,-4.24
203.4@mountaineye23.Mountaineye,203.5@mountaineye23.Mountaineye,11.28,42.91,5.14
203.5@mountaineye23.Mountaineye,203.6@mountaineye23.Mountaineye,9.33,36.40,-1.46
203.6@mountaineye23.Mountaineye,203.7@mountaineye23.Mountaineye,5.10,158.90,9.80
203.7@mountaineye23.Mountaineye,203.8@mountaineye23.Mountaineye,6.45,69.37,12.34
203.8@mountaineye23.Mountaineye,203.9@mountaineye23.Mountaineye,15.11,35.73,2.14
203.9@mountaineye23.Mountaineye,203.10@mountaineye23.Mountaineye,13.19,84.25,-1.23
203.10@mountaineye23.Mountaineye,203.11@mountaineye23.Mountaineye,19.74,51.17,1.27
203.11@mountaineye23.Mountaineye,203.12@mountaineye23.Mountaineye,8.22,96.93,-11.83
203.12@mountaineye23.Mountaineye,203.13@mountaineye23.Mountaineye,8.43,350.35,-2.31
203.13@mountaineye23.Mountaineye,203.14@mountaineye23.Mountaineye,9.23,307.57,-13.69
203.14@mountaineye23.Mountaineye,203.15@mountaineye23.Mountaineye,8.36,45.63,4.25
203.15@mountaineye23.Mountaineye,203.16@mountaineye23.Mountaineye,7.22,349.09,0.88
6.0@cob.Mountaineye,-,0.00,0.00,0.00
6.0@cob.Mountaineye,-,1.19,330.16,7.95
6.0@cob.Mountaineye,-,0.51,336.09,78.77
6.0@cob.Mountaineye,-,0.32,269.96,-84.03
6.0@cob.Mountaineye,-,5.18,145.58,1.29
6.0@cob.Mountaineye,6.1@cob.Mountaineye,8.83,253.48,2.25
6.1@cob.Mountaineye,-,2.66,335.46,-1.44
6.1@cob.Mountaineye,-,0.40,331.59,49.77
6.1@cob.Mountaineye,-,1.06,233.64,-72.64
6.1@cob.Mountaineye,-,3.12,126.80,0.43
6.1@cob.Mountaineye,6.2@cob.Mountaineye,15.58,251.70,-2.59
6.1@cob.Mountaineye,-,2.82,165.79,-7.73
6.2@cob.Mountaineye,-,2.60,170.74,-10.52
6.2@cob.Mountaineye,-,2.35,341.81,-12.47
6.2@cob.Mountaineye,-,1.63,307.51,75.43
6.2@cob.Mountaineye,-,1.08,263.27,-77.23
6.2@cob.Mountaineye,6.3@cob.Mountaineye,56.80,250.08,-1.33
6.3@cob.Mountaineye,-,0.93,159.05,13.01
6.3@cob.Mountaineye,-,7.07,345.53,1.18
6.3@cob.Mountaineye,-,14.21,319.82,0.93
6.3@cob.Mountaineye,-,11.27,49.44,2.25
6.3@cob.Mountaineye,-,8.07,78.23,3.50
6.3@cob.Mountaineye,-,5.25,87.68,0.54
6.3@cob.Mountaineye,-,8.21,62.30,-7.99
6.3@cob.Mountaineye,-,5.88,324.42,-38.33
6.3@cob.Mountaineye,-,37.84,65.24,1.05
6.3@cob.Mountaineye,-,26.08,75.23,1.83
6.3@cob.Mountaineye,-,24.16,60.53,0.77
6.3@cob.Mountaineye,601.1@cob.Mountaineye,19.77,282.05,-2.00
601.1@cob.Mountaineye,-,3.44,187.44,2.53
601.1@cob.Mountaineye,-,8.99,129.77,6.44
601.1@cob.Mountaineye,-,9.58,269.65,-1.32
601.1@cob.Mountaineye,-,4.81,334.70,44.46
601.1@cob.Mountaineye,-,7.16,12.02,9.05
601.1@cob.Mountaineye,-,12.22,57.16,2.89
601.1@cob.Mountaineye,-,12.33,74.27,-7.78
601.1@cob.Mountaineye,-,7.37,314.03,15.67
601.1@cob.Mountaineye,-,8.00,302.44,1.98
601.1@cob.Mountaineye,601.2@cob.Mountaineye,10.00,287.88,-0.69
601.2@cob.Mountaineye,-,3.72,211.42,9.92
601.2@cob.Mountaineye,-,5.04,156.96,-3.10
601.2@cob.Mountaineye,-,8.45,236.60,2.85
601.2@cob.Mountaineye,-,2.63,267.77,4.67
601.2@cob.Mountaineye,-,3.95,297.50,8.42
601.2@cob.Mountaineye,-,6.63,27.31,3.76
601.2@cob.Mountaineye,-,4.26,340.74,-1.93
601.2@cob.Mountaineye,-,5.74,325.73,-0.18
601.2@cob.Mountaineye,-,5.29,306.13,2.96
601.2@cob.Mountaineye,-,3.81,297.69,9.32
6.3@cob.Mountaineye,-,0.00,0.00,0.00
6.3@cob.Mountaineye,-,5.28,304.97,-32.54
6.3@cob.Mountaineye,-,3.88,1.75,-39.72
6.3@cob.Mountaineye,6.4@cob.Mountaineye,11.90,319.78,-11.28
6.4@cob.Mountaineye,602.0@cob.Mountaineye,0.00,0.00,0.00
602.0@cob.Mountaineye,6.5@cob.Mountaineye,9.58,55.62,-73.39
6.5@cob.Mountaineye,-,0.97,358.65,-7.59
6.5@cob.Mountaineye,-,3.97,281.05,-1.27
6.5@cob.Mountaineye,-,6.22,262.70,0.57
6.5@cob.Mountaineye,-,6.93,239.78,0.75
6.5@cob.Mountaineye,-,2.65,206.26,4.89
6.5@cob.Mountaineye,6.6@cob.Mountaineye,19.77,253.58,-0.90
6.6@cob.Mountaineye,-,5.26,244.48,13.18
6.6@cob.Mountaineye,-,11.58,282.73,6.93
6.6@cob.Mountaineye,-,11.57,315.42,9.20
6.6@cob.Mountaineye,-,8.48,345.38,5.47
6.6@cob.Mountaineye,-,3.82,17.67,2.22
6.6@cob.Mountaineye,-,5.27,56.30,4.56
6.6@cob.Mountaineye,-,9.71,13.60,80.01
6.6@cob.Mountaineye,-,9.55,84.74,1.43
6.6@cob.Mountaineye,-,12.31,68.55,2.63
6.6@cob.Mountaineye,-,2.02,170.21,5.43
6.6@cob.Mountaineye,-,0.71,79.32,-85.90
6.6@cob.Mountaineye,6.7@cob.Mountaineye,11.91,313.01,7.11
6.7@cob.Mountaineye,-,7.55,177.50,3.17
6.7@cob.Mountaineye,-,4.25,218.93,5.15
6.7@cob.Mountaineye,-,0.68,212.50,66.83
6.7@cob.Mountaineye,-,1.65,214.23,-57.34
6.7@cob.Mountaineye,-,5.23,240.33,-12.47
6.7@cob.Mountaineye,-,10.73,90.57,-0.17
6.7@cob.Mountaineye,-,7.73,110.40,-0.21
6.7@cob.Mountaineye,6.8@cob.Mountaineye,22.38,250.55,-5.06
6.8@cob.Mountaineye,-,7.50,323.44,-3.63
6.8@cob.Mountaineye,-,8.53,26.12,-2.63
6.8@cob.Mountaineye,-,15.92,54.87,1.76
6.8@cob.Mountaineye,-,20.94,64.51,4.28
6.8@cob.Mountaineye,-,15.49,70.82,6.99
6.8@cob.Mountaineye,-,16.28,76.38,2.89
6.8@cob.Mountaineye,-,15.95,81.79,5.09
6.8@cob.Mountaineye,-,10.08,92.74,3.57
6.8@cob.Mountaineye,-,7.80,73.73,-26.07
6.8@cob.Mountaineye,-,6.11,67.13,38.03
6.8@cob.Mountaineye,-,5.75,88.81,-36.62
6.8@cob.Mountaineye,-,3.40,97.96,-38.97
6.8@cob.Mountaineye,-,11.64,123.75,3.18
6.8@cob.Mountaineye,-,6.84,141.89,-1.00
6.8@cob.Mountaineye,-,5.92,223.52,-15.57
6.8@cob.Mountaineye,6.9@cob.Mountaineye,4.20,257.60,-1.21
6.9@cob.Mountaineye,-,1.56,66.73,-5.21
6.9@cob.Mountaineye,-,0.43,341.17,71.45
6.9@cob.Mountaineye,-,0.50,341.53,-75.90
6.9@cob.Mountaineye,-,3.10,330.11,-1.86
6.9@cob.Mountaineye,-,3.74,187.62,2.18
6.9@cob.Mountaineye,6.10@cob.Mountaineye,16.46,243.03,0.34
6.10@cob.Mountaineye,-,4.63,339.40,-35.19
6.10@cob.Mountaineye,-,2.04,333.94,5.92
6.10@cob.Mountaineye,-,6.68,336.32,1.07
6.10@cob.Mountaineye,-,0.43,216.30,-76.81
6.10@cob.Mountaineye,-,13.12,30.39,-0.71
6.10@cob.Mountaineye,6.11@cob.Mountaineye,18.28,264.71,-11.02
6.11@cob.Mountaineye,-,1.85,3.48,55.39
6.11@cob.Mountaineye,-,1.74,168.38,57.79
6.11@cob.Mountaineye,-,4.29,134.96,76.44
6.11@cob.Mountaineye,-,1.93,210.81,-80.81
6.11@cob.Mountaineye,6.12@cob.Mountaineye,15.83,253.71,-18.30
6.11@cob.Mountaineye,-,12.02,91.97,17.77
6.11@cob.Mountaineye,-,6.46,67.79,38.27
6.12@cob.Mountaineye,-,1.13,333.06,-64.13
6.12@cob.Mountaineye,-,1.17,335.27,2.21
6.12@cob.Mountaineye,-,0.44,221.65,5.32
6.12@cob.Mountaineye,-,5.02,177.90,84.93
6.12@cob.Mountaineye,-,11.00,67.68,9.36
6.12@cob.Mountaineye,-,7.46,83.38,10.23
6.12@cob.Mountaineye,-,5.54,258.73,1.37
6.12@cob.Mountaineye,6.13@cob.Mountaineye,15.31,247.07,-0.23
6.13@cob.Mountaineye,-,1.82,322.30,1.14
6.13@cob.Mountaineye,-,3.49,157.50,20.76
6.13@cob.Mountaineye,-,5.09,72.14,-0.88
6.13@cob.Mountaineye,-,4.17,61.96,-0.03
6.13@cob.Mountaineye,-,2.70,22.24,0.78
6.13@cob.Mountaineye,-,1.69,44.77,72.80
6.13@cob.Mountaineye,-,2.51,6.14,-35.74
6.13@cob.Mountaineye,6.14@cob.Mountaineye,7.83,216.79,4.60
6.14@cob.Mountaineye,-,2.90,336.42,5.66
6.14@cob.Mountaineye,-,1.69,328.48,-39.12
6.14@cob.Mountaineye,-,1.05,337.15,42.47
6.14@cob.Mountaineye,-,0.35,218.18,22.12
6.14@cob.Mountaineye,-,2.59,281.46,-50.18
6.14@cob.Mountaineye,-,2.76,311.33,-40.22
6.14@cob.Mountaineye,6.15@cob.Mountaineye,15.51,257.53,-13.47
6.15@cob.Mountaineye,-,4.59,145.43,72.27
6.15@cob.Mountaineye,-,11.92,131.36,0.71
6.15@cob.Mountaineye,-,6.01,116.77,-41.96
6.15@cob.Mountaineye,-,5.71,347.21,13.77
6.15@cob.Mountaineye,-,6.48,53.93,9.28
6.15@cob.Mountaineye,-,9.06,89.86,3.58
6.15@cob.Mountaineye,-,9.28,90.18,6.43
6.15@cob.Mountaineye,-,6.22,356.77,56.48
6.15@cob.Mountaineye,-,6.60,331.66,55.42
6.15@cob.Mountaineye,-,8.31,295.70,-12.93
6.15@cob.Mountaineye,-,3.71,303.68,-9.88
6.15@cob.Mountaineye,-,7.57,300.68,-11.79
6.15@cob.Mountaineye,-,4.14,16.89,33.67
6.15@cob.Mountaineye,-,7.27,329.43,1.21
6.15@cob.Mountaineye,-,16.39,202.36,11.72
6.15@cob.Mountaineye,-,7.16,221.20,15.97
6.15@cob.Mountaineye,-,12.68,216.63,9.12
6.15@cob.Mountaineye,-,13.16,137.86,-5.86
6.15@cob.Mountaineye,-,13.47,109.81,-3.78
6.15@cob.Mountaineye,-,15.83,133.37,-4.27
6.15@cob.Mountaineye,6.16@cob.Mountaineye,14.09,110.52,-3.77
6.16@cob.Mountaineye,-,1.51,138.72,-82.14
6.16@cob.Mountaineye,-,5.13,160.07,45.66
6.16@cob.Mountaineye,-,7.84,147.54,1.27
6.16@cob.Mountaineye,-,0.68,49.47,-29.72
6.16@cob.Mountaineye,-,9.02,179.71,32.43
6.16@cob.Mountaineye,-,10.73,151.89,33.00
6.16@cob.Mountaineye,-,12.01,112.28,-6.82
6.16@cob.Mountaineye,-,8.77,86.05,-8.16
6.16@cob.Mountaineye,6.17@cob.Mountaineye,21.95,98.79,-2.83
6.17@cob.Mountaineye,-,8.50,159.81,-27.77
6.17@cob.Mountaineye,-,2.98,343.97,7.70
6.17@cob.Mountaineye,-,2.31,320.04,25.43
6.17@cob.Mountaineye,-,4.24,263.88,-43.30
6.17@cob.Mountaineye,-,8.54,123.74,-13.72
6.17@cob.Mountaineye,-,6.91,133.73,-18.24
6.17@cob.Mountaineye,6.18@cob.Mountaineye,10.02,56.99,15.79
6.18@cob.Mountaineye,-,4.68,152.03,1.59
6.18@cob.Mountaineye,-,0.96,329.35,39.29
6.18@cob.Mountaineye,-,1.39,137.20,84.89
6.18@cob.Mountaineye,-,0.85,166.94,-62.52
6.18@cob.Mountaineye,6.19@cob.Mountaineye,11.46,109.30,17.71
6.19@cob.Mountaineye,-,0.57,206.21,-26.83
6.19@cob.Mountaineye,-,4.25,2.66,-1.09
6.19@cob.Mountaineye,-,9.39,45.85,68.83
6.19@cob.Mountaineye,-,1.61,5.55,-59.95
6.19@cob.Mountaineye,6.20@cob.Mountaineye,12.48,91.32,1.10
6.19@cob.Mountaineye,-,3.27,111.07,3.03
6.19@cob.Mountaineye,-,4.97,60.88,6.68
6.20@cob.Mountaineye,-,8.67,42.37,83.27
6.20@cob.Mountaineye,-,2.73,31.50,6.09
6.20@cob.Mountaineye,-,0.27,188.80,-6.15
6.20@cob.Mountaineye,-,1.79,69.77,-42.38
6.20@cob.Mountaineye,6.21@cob.Mountaineye,2.92,107.20,-33.89
6.21@cob.Mountaineye,-,2.60,69.15,75.26
6.21@cob.Mountaineye,-,0.66,148.15,-46.37
6.21@cob.Mountaineye,-,4.49,132.01,5.95
6.21@cob.Mountaineye,-,0.58,345.01,12.65
6.21@cob.Mountaineye,-,1.74,255.01,1.44
6.21@cob.Mountaineye,-,2.39,284.28,23.44
6.21@cob.Mountaineye,-,3.98,245.00,-10.27
6.21@cob.Mountaineye,-,7.34,229.06,-15.78
6.21@cob.Mountaineye,-,6.78,208.32,-0.01
6.21@cob.Mountaineye,-,4.09,60.53,7.32
6.21@cob.Mountaineye,-,9.07,97.67,2.18
6.21@cob.Mountaineye,6.22@cob.Mountaineye,14.13,77.20,2.46
6.22@cob.Mountaineye,-,2.79,164.06,-44.87
6.22@cob.Mountaineye,-,1.92,47.07,-78.99
6.22@cob.Mountaineye,-,4.63,304.43,-25.81
6.22@cob.Mountaineye,-,1.50,268.76,5.66
6.22@cob.Mountaineye,6.23@cob.Mountaineye,10.57,82.63,-11.81
6.23@cob.Mountaineye,-,3.60,338.02,-30.54
6.23@cob.Mountaineye,-,2.85,214.62,-10.65
6.23@cob.Mountaineye,-,2.18,12.73,74.92
6.23@cob.Mountaineye,-,4.66,269.09,-27.91
6.23@cob.Mountaineye,-,0.42,65.17,-50.33
6.23@cob.Mountaineye,-,4.58,44.23,0.08
6.23@cob.Mountaineye,6.24@cob.Mountaineye,5.65,116.81,-1.18
6.24@cob.Mountaineye,-,1.65,152.94,-15.77
6.24@cob.Mountaineye,-,5.30,355.09,5.54
6.24@cob.Mountaineye,-,2.03,43.52,1.60
6.24@cob.Mountaineye,-,3.82,48.18,-39.40
6.24@cob.Mountaineye,-,2.66,76.68,72.24
6.24@cob.Mountaineye,-,5.28,95.32,-9.39
6.24@cob.Mountaineye,-,4.98,45.71,-7.21
6.24@cob.Mountaineye,6.25@cob.Mountaineye,15.66,71.07,-3.53
6.25@cob.Mountaineye,-,1.18,342.91,-52.51
6.25@cob.Mountaineye,-,1.92,339.87,-3.88
6.25@cob.Mountaineye,-,1.44,152.72,14.14
6.25@cob.Mountaineye,-,4.25,82.16,3.25
6.25@cob.Mountaineye,-,7.23,270.14,0.69
6.25@cob.Mountaineye,-,5.89,225.92,-1.76
602.1@cob.Mountaineye,6.26@cob.Mountaineye,6.17,106.64,-2.69
6.25@cob.Mountaineye,6.26@cob.Mountaineye,6.17,106.64,-2.69
6.26@cob.Mountaineye,-,3.38,253.21,1.88
6.26@cob.Mountaineye,-,1.05,244.82,-24.66
6.26@cob.Mountaineye,-,4.54,168.45,80.17
6.26@cob.Mountaineye,-,0.45,94.60,17.89
6.26@cob.Mountaineye,-,4.72,321.58,27.02
6.26@cob.Mountaineye,-,2.72,293.81,14.32
6.26@cob.Mountaineye,6.27@cob.Mountaineye,11.66,192.79,5.30
6.26@cob.Mountaineye,-,7.53,219.42,-0.62
6.26@cob.Mountaineye,-,4.43,181.72,1.16
6.27@cob.Mountaineye,-,4.86,51.00,-19.60
6.27@cob.Mountaineye,-,7.63,106.58,29.42
6.27@cob.Mountaineye,-,0.73,306.94,-44.15
6.27@cob.Mountaineye,-,2.27,49.77,-11.66
6.27@cob.Mountaineye,-,3.17,60.58,63.47
6.27@cob.Mountaineye,-,5.91,29.39,-7.61
6.27@cob.Mountaineye,-,3.54,329.10,-11.02
6.27@cob.Mountaineye,-,5.14,59.71,-11.77
6.27@cob.Mountaineye,6.28@cob.Mountaineye,7.77,197.96,3.46
6.27@cob.Mountaineye,-,8.23,154.20,39.05
6.27@cob.Mountaineye,-,6.71,184.82,2.67
6.28@cob.Mountaineye,-,0.40,271.69,-12.85
6.28@cob.Mountaineye,-,2.34,140.86,-22.45
6.28@cob.Mountaineye,-,0.53,309.05,-1.99
6.28@cob.Mountaineye,-,2.96,305.55,10.40
6.28@cob.Mountaineye,-,8.82,235.50,80.98
6.28@cob.Mountaineye,-,1.78,273.75,-48.82
6.28@cob.Mountaineye,-,1.97,75.88,-2.22
6.28@cob.Mountaineye,-,5.10,10.60,-2.43
6.28@cob.Mountaineye,-,3.43,339.27,-2.65
6.28@cob.Mountaineye,-,7.73,255.70,6.62
6.28@cob.Mountaineye,-,10.97,239.95,10.32
6.28@cob.Mountaineye,-,10.02,236.23,10.61
6.28@cob.Mountaineye,6.29@cob.Mountaineye,18.16,241.97,9.00
6.29@cob.Mountaineye,-,9.87,227.82,76.34
6.29@cob.Mountaineye,-,2.87,270.47,6.13
6.29@cob.Mountaineye,-,1.19,163.53,3.65
6.29@cob.Mountaineye,-,0.58,321.80,-49.06
6.29@cob.Mountaineye,-,3.48,201.48,-6.87
6.29@cob.Mountaineye,6.30@cob.Mountaineye,5.52,173.35,-10.47
6.30@cob.Mountaineye,-,8.14,287.66,80.48
6.30@cob.Mountaineye,-,2.49,265.01,-47.32
6.30@cob.Mountaineye,-,2.35,286.03,0.59
6.30@cob.Mountaineye,-,0.59,159.11,34.24
6.30@cob.Mountaineye,-,2.50,9.00,2.39
6.30@cob.Mountaineye,-,2.64,320.42,9.03
6.30@cob.Mountaineye,-,4.65,212.27,-8.22
6.30@cob.Mountaineye,-,3.02,239.05,-5.58
6.30@cob.Mountaineye,6.31@cob.Mountaineye,8.06,228.21,-4.84
6.31@cob.Mountaineye,-,2.07,283.08,-48.26
6.31@cob.Mountaineye,-,1.82,289.67,4.41
6.31@cob.Mountaineye,-,12.02,268.94,78.14
6.31@cob.Mountaineye,-,0.43,80.42,-30.05
6.31@cob.Mountaineye,-,4.08,61.68,-4.30
6.31@cob.Mountaineye,-,2.67,48.86,0.62
6.31@cob.Mountaineye,-,4.22,186.57,4.54
6.31@cob.Mountaineye,-,3.21,163.16,10.10
6.31@cob.Mountaineye,6.32@cob.Mountaineye,7.17,175.15,7.27
6.32@cob.Mountaineye,-,7.50,120.60,81.41
6.32@cob.Mountaineye,-,1.51,106.92,-47.42
6.32@cob.Mountaineye,-,1.25,88.06,16.74
6.32@cob.Mountaineye,-,1.46,248.31,34.93
6.32@cob.Mountaineye,-,7.11,121.83,6.39
6.32@cob.Mountaineye,-,3.40,153.44,5.09
6.32@cob.Mountaineye,6.33@cob.Mountaineye,10.10,138.95,1.63
6.33@cob.Mountaineye,-,7.06,195.20,83.73
6.33@cob.Mountaineye,-,1.12,143.31,20.28
6.33@cob.Mountaineye,-,1.73,256.62,0.03
6.33@cob.Mountaineye,-,1.16,142.40,19.61
6.33@cob.Mountaineye,-,1.71,215.85,-61.83
6.33@cob.Mountaineye,-,5.30,311.22,2.10
6.33@cob.Mountaineye,-,6.11,334.13,3.64
6.33@cob.Mountaineye,-,4.46,196.20,11.03
6.33@cob.Mountaineye,-,3.07,166.70,8.73
6.33@cob.Mountaineye,6.34@cob.Mountaineye,11.21,156.78,18.62
6.34@cob.Mountaineye,-,2.54,347.27,-61.73
6.34@cob.Mountaineye,-,0.90,4.89,56.17
6.34@cob.Mountaineye,-,7.84,13.93,54.76
6.34@cob.Mountaineye,-,1.67,29.84,-2.91
6.34@cob.Mountaineye,-,0.38,263.22,20.64
6.34@cob.Mountaineye,-,2.59,316.34,-14.05
6.34@cob.Mountaineye,-,2.83,353.73,-14.54
6.34@cob.Mountaineye,-,2.93,99.93,19.26
6.34@cob.Mountaineye,-,3.73,80.99,32.80
6.34@cob.Mountaineye,6.35@cob.Mountaineye,6.55,90.09,21.66
6.35@cob.Mountaineye,-,4.85,216.93,70.28
6.35@cob.Mountaineye,-,0.91,312.13,-59.01
6.35@cob.Mountaineye,-,0.84,158.67,-27.08
6.35@cob.Mountaineye,-,1.37,11.67,-2.61
6.35@cob.Mountaineye,-,2.11,102.86,-15.19
6.35@cob.Mountaineye,6.36@cob.Mountaineye,5.10,50.50,-20.05
6.36@cob.Mountaineye,-,6.59,287.58,84.06
6.36@cob.Mountaineye,-,1.04,215.06,-58.72
6.36@cob.Mountaineye,-,1.15,311.95,20.98
6.36@cob.Mountaineye,-,4.40,207.46,9.29
6.36@cob.Mountaineye,-,0.73,155.96,11.73
6.36@cob.Mountaineye,-,4.13,59.57,-4.33
6.36@cob.Mountaineye,-,6.32,68.62,-4.56
6.36@cob.Mountaineye,6.37@cob.Mountaineye,10.08,59.62,-3.10
6.37@cob.Mountaineye,-,7.79,213.46,72.08
6.37@cob.Mountaineye,-,0.58,9.97,44.64
6.37@cob.Mountaineye,-,6.35,78.96,0.00
6.37@cob.Mountaineye,-,6.07,92.89,1.63
6.37@cob.Mountaineye,6.38@cob.Mountaineye,10.37,87.48,6.37
6.38@cob.Mountaineye,-,6.80,315.95,74.17
6.38@cob.Mountaineye,-,2.37,306.41,-56.36
6.38@cob.Mountaineye,-,1.53,328.05,4.99
6.38@cob.Mountaineye,-,0.36,218.21,0.84
6.38@cob.Mountaineye,-,2.31,18.92,8.18
6.38@cob.Mountaineye,-,2.87,66.03,18.14
6.38@cob.Mountaineye,-,3.29,34.73,24.87
6.38@cob.Mountaineye,6.39@cob.Mountaineye,7.08,36.52,42.72
6.39@cob.Mountaineye,-,1.94,129.97,58.52
6.39@cob.Mountaineye,-,1.59,117.12,-66.74
6.39@cob.Mountaineye,-,3.72,122.34,2.31
6.39@cob.Mountaineye,-,0.56,13.14,-36.68
6.39@cob.Mountaineye,6.40@cob.Mountaineye,7.76,66.49,0.04
6.40@cob.Mountaineye,-,2.30,161.90,59.35
6.40@cob.Mountaineye,-,3.12,136.73,-51.40
6.40@cob.Mountaineye,-,2.86,164.50,1.76
6.40@cob.Mountaineye,-,2.25,82.22,28.29
6.40@cob.Mountaineye,-,2.60,153.17,-2.88
6.40@cob.Mountaineye,-,1.92,109.39,-4.62
6.40@cob.Mountaineye,-,6.08,180.36,21.64
6.40@cob.Mountaineye,-,6.27,114.61,-2.45
6.40@cob.Mountaineye,-,4.35,143.62,-5.00
6.40@cob.Mountaineye,6.41@cob.Mountaineye,7.88,125.10,4.69
6.41@cob.Mountaineye,-,1.02,195.69,56.69
6.41@cob.Mountaineye,-,2.81,200.07,-62.08
6.41@cob.Mountaineye,-,1.02,43.29,-19.67
6.41@cob.Mountaineye,-,3.18,215.51,5.98
6.41@cob.Mountaineye,-,6.36,200.26,9.14
6.41@cob.Mountaineye,-,5.27,132.90,13.23
6.41@cob.Mountaineye,6.42@cob.Mountaineye,9.81,158.46,-27.52
6.42@cob.Mountaineye,-,5.14,59.74,73.15
6.42@cob.Mountaineye,-,1.59,45.44,-56.23
6.42@cob.Mountaineye,-,3.17,74.15,7.14
6.42@cob.Mountaineye,-,0.67,304.33,15.31
6.42@cob.Mountaineye,-,2.81,318.04,4.71
6.42@cob.Mountaineye,-,4.46,346.79,7.92
6.42@cob.Mountaineye,-,4.22,129.64,3.48
6.42@cob.Mountaineye,-,4.59,174.15,4.94
6.42@cob.Mountaineye,6.43@cob.Mountaineye,7.05,161.35,12.71
6.43@cob.Mountaineye,-,4.91,137.77,74.12
6.43@cob.Mountaineye,-,0.70,271.14,43.70
6.43@cob.Mountaineye,-,4.08,71.95,52.31
6.43@cob.Mountaineye,-,3.02,271.17,60.46
6.43@cob.Mountaineye,-,3.32,147.61,-47.39
6.43@cob.Mountaineye,-,2.29,11.93,-8.10
6.43@cob.Mountaineye,-,6.08,333.78,-13.99
6.43@cob.Mountaineye,6.44@cob.Mountaineye,8.75,152.34,-7.05
6.44@cob.Mountaineye,-,5.61,80.58,68.89
6.44@cob.Mountaineye,-,1.96,311.53,-64.90
6.44@cob.Mountaineye,-,1.09,23.04,5.09
6.44@cob.Mountaineye,-,2.67,331.62,-3.71
6.44@cob.Mountaineye,-,5.46,311.76,-9.21
6.44@cob.Mountaineye,-,0.91,200.92,-65.28
6.44@cob.Mountaineye,6.46@cob.Mountaineye,1.58,80.17,-3.16
6.44@cob.Mountaineye,6.45@cob.Mountaineye,1.58,80.00,-3.30
6.45@cob.Mountaineye,-,5.28,193.92,77.74
6.45@cob.Mountaineye,-,1.19,231.74,-72.32
6.45@cob.Mountaineye,-,1.27,195.80,9.56
6.45@cob.Mountaineye,-,0.53,95.97,42.01
6.45@cob.Mountaineye,6.47@cob.Mountaineye,7.38,153.62,6.00
6.47@cob.Mountaineye,-,5.08,27.34,66.14
6.47@cob.Mountaineye,-,6.29,12.26,35.52
6.47@cob.Mountaineye,-,2.26,150.27,56.47
6.47@cob.Mountaineye,-,1.45,48.24,-68.09
6.47@cob.Mountaineye,-,1.18,5.36,-11.01
6.47@cob.Mountaineye,-,2.48,286.40,-34.27
6.47@cob.Mountaineye,-,3.91,325.87,-12.82
6.47@cob.Mountaineye,-,5.54,77.80,11.69
6.47@cob.Mountaineye,6.48@cob.Mountaineye,11.44,66.20,13.84
6.48@cob.Mountaineye,-,2.17,221.48,82.11
6.48@cob.Mountaineye,-,3.15,158.87,29.98
6.48@cob.Mountaineye,-,3.57,329.21,21.09
6.48@cob.Mountaineye,-,1.35,246.41,-73.22
6.48@cob.Mountaineye,-,3.46,51.61,-22.02
6.48@cob.Mountaineye,-,3.42,66.26,-24.82
6.48@cob.Mountaineye,6.49@cob.Mountaineye,5.20,73.25,13.22
6.49@cob.Mountaineye,-,1.16,294.87,-49.21
6.49@cob.Mountaineye,-,1.10,354.88,53.53
6.49@cob.Mountaineye,-,4.62,345.78,9.12
6.49@cob.Mountaineye,-,2.17,153.03,11.27
6.49@cob.Mountaineye,6.50@cob.Mountaineye,13.11,54.60,2.30
6.50@cob.Mountaineye,-,0.42,197.39,-25.21
6.50@cob.Mountaineye,-,0.81,148.62,67.19
6.50@cob.Mountaineye,-,5.30,164.30,7.83
6.50@cob.Mountaineye,-,2.03,355.74,12.53
6.50@cob.Mountaineye,-,3.55,58.88,-1.79
6.50@cob.Mountaineye,-,13.33,77.53,4.27
6.50@cob.Mountaineye,6.51@cob.Mountaineye,8.63,85.02,-11.55
6.12@connection.Mountaineye,-,0.00,0.00,0.00
6.12@connection.Mountaineye,7.1@connection.Mountaineye,9.43,250.44,0.64
7.1@connection.Mountaineye,7.2@connection.Mountaineye,4.14,222.63,59.55
7.1@connection.Mountaineye,-,0.00,0.00,0.00
7.1@connection.Mountaineye,-,1.03,160.64,-0.24
7.1@connection.Mountaineye,-,1.26,163.33,-84.53
7.1@connection.Mountaineye,-,5.98,204.14,85.95
7.2@connection.Mountaineye,-,0.00,0.00,0.00
7.2@connection.Mountaineye,7.3@connection.Mountaineye,7.59,277.70,36.38
7.2@connection.Mountaineye,-,0.00,0.00,0.00
7.2@connection.Mountaineye,-,1.26,342.18,1.82
7.2@connection.Mountaineye,-,4.57,88.68,-87.67
7.2@connection.Mountaineye,-,5.44,307.10,74.05
7.3@connection.Mountaineye,-,0.00,0.00,0.00
7.3@connection.Mountaineye,-,2.44,344.12,1.94
7.3@connection.Mountaineye,-,3.86,158.65,-0.71
7.3@connection.Mountaineye,-,1.58,132.25,-86.49
7.3@connection.Mountaineye,-,3.88,105.64,-39.69
7.3@connection.Mountaineye,-,4.25,83.69,-39.42
7.3@connection.Mountaineye,-,10.39,90.60,-3.20
7.3@connection.Mountaineye,-,11.54,67.89,-2.59
7.3@connection.Mountaineye,7.4@connection.Mountaineye,27.54,242.95,-0.58
7.4@connection.Mountaineye,-,8.15,46.07,-0.65
7.4@connection.Mountaineye,-,7.09,22.32,-1.69
7.4@connection.Mountaineye,-,5.29,74.34,3.75
7.4@connection.Mountaineye,-,8.44,44.73,-4.38
7.4@connection.Mountaineye,-,1.14,164.03,8.58
7.4@connection.Mountaineye,-,4.68,331.70,-3.33
7.4@connection.Mountaineye,-,1.02,348.89,53.12
7.4@connection.Mountaineye,-,2.55,317.19,-31.27
7.4@connection.Mountaineye,7.5@connection.Mountaineye,15.32,262.05,-0.55
7.5@connection.Mountaineye,-,5.56,17.46,-2.69
7.5@connection.Mountaineye,-,0.53,71.29,50.02
7.5@connection.Mountaineye,-,0.75,349.40,-43.39
7.5@connection.Mountaineye,-,1.41,158.05,10.55
7.5@connection.Mountaineye,-,11.40,86.00,-3.88
7.5@connection.Mountaineye,-,8.37,97.87,0.27
7.5@connection.Mountaineye,-,9.09,69.17,-2.87
7.5@connection.Mountaineye,7.6@connection.Mountaineye,18.07,291.62,-1.08
7.6@connection.Mountaineye,-,4.13,40.10,-0.90
7.6@connection.Mountaineye,-,1.98,227.59,27.63
7.6@connection.Mountaineye,-,0.89,58.40,59.51
7.6@connection.Mountaineye,-,0.58,42.20,-20.29
7.6@connection.Mountaineye,-,11.72,96.10,0.80
7.6@connection.Mountaineye,7.7@connection.Mountaineye,9.02,322.77,2.79
7.7@connection.Mountaineye,-,3.18,203.10,-3.51
7.7@connection.Mountaineye,-,1.44,202.30,19.03
7.7@connection.Mountaineye,-,1.49,218.99,-39.15
7.7@connection.Mountaineye,-,0.95,21.85,6.06
7.7@connection.Mountaineye,7.8@connection.Mountaineye,12.80,281.68,-1.96
7.8@connection.Mountaineye,-,3.17,30.63,-0.39
7.8@connection.Mountaineye,-,0.44,206.78,31.30
7.8@connection.Mountaineye,-,2.08,26.84,-21.02
7.8@connection.Mountaineye,-,1.95,40.43,25.88
7.8@connection.Mountaineye,-,3.75,12.98,0.90
7.8@connection.Mountaineye,-,5.22,78.23,0.54
7.8@connection.Mountaineye,7.9@connection.Mountaineye,9.97,356.65,-0.36
7.9@connection.Mountaineye,-,1.07,78.93,-5.12
7.9@connection.Mountaineye,-,4.26,262.44,16.62
7.9@connection.Mountaineye,-,2.00,224.58,36.97
7.9@connection.Mountaineye,-,1.61,208.75,-28.06
7.9@connection.Mountaineye,-,4.78,176.74,11.10
7.9@connection.Mountaineye,-,7.69,193.76,6.17
7.9@connection.Mountaineye,7.10@connection.Mountaineye,13.18,310.56,-1.97
7.10@connection.Mountaineye,-,0.50,238.89,-7.36
7.10@connection.Mountaineye,-,3.06,56.54,-0.97
7.10@connection.Mountaineye,-,1.74,109.35,40.81
7.10@connection.Mountaineye,-,1.67,42.13,-22.88
7.10@connection.Mountaineye,7.11@connection.Mountaineye,11.72,345.97,3.44
7.11@connection.Mountaineye,-,0.60,235.84,80.76
7.11@connection.Mountaineye,-,1.59,246.20,-69.01
7.11@connection.Mountaineye,-,1.86,12.51,13.31
7.11@connection.Mountaineye,-,0.84,235.87,-0.96
7.11@connection.Mountaineye,-,4.25,313.96,-2.71
7.11@connection.Mountaineye,-,6.73,292.30,-14.16
7.11@connection.Mountaineye,7.12@connection.Mountaineye,14.31,324.65,-1.90
7.12@connection.Mountaineye,-,1.08,108.61,-2.33
7.12@connection.Mountaineye,-,1.13,111.23,76.91
7.12@connection.Mountaineye,-,1.45,119.61,-69.51
7.12@connection.Mountaineye,-,0.24,299.84,26.67
7.12@connection.Mountaineye,-,1.49,284.43,-3.54
7.12@connection.Mountaineye,7.13@connection.Mountaineye,17.05,68.24,-0.71
7.13@connection.Mountaineye,-,0.94,350.49,1.44
7.13@connection.Mountaineye,-,0.74,166.70,5.89
7.13@connection.Mountaineye,-,0.72,116.83,-79.38
7.13@connection.Mountaineye,-,1.91,149.04,73.16
7.13@connection.Mountaineye,-,4.03,85.81,23.85
7.13@connection.Mountaineye,7.14@connection.Mountaineye,10.58,271.21,-4.02
7.14@connection.Mountaineye,-,0.98,131.41,-8.09
7.14@connection.Mountaineye,-,4.39,289.98,-3.47
7.14@connection.Mountaineye,-,2.58,104.71,73.26
7.14@connection.Mountaineye,-,0.47,174.14,-77.87
7.14@connection.Mountaineye,-,1.68,79.87,5.87
7.14@connection.Mountaineye,7.15@connection.Mountaineye,7.13,64.81,8.24
7.15@connection.Mountaineye,-,0.74,331.09,1.59
7.15@connection.Mountaineye,-,0.95,6.17,77.37
7.15@connection.Mountaineye,-,1.54,355.79,-78.93
7.15@connection.Mountaineye,7.16@connection.Mountaineye,17.47,73.66,1.30
7.16@connection.Mountaineye,-,0.91,335.75,3.25
7.16@connection.Mountaineye,-,0.95,333.68,67.63
7.16@connection.Mountaineye,-,2.28,266.61,-32.74
7.16@connection.Mountaineye,-,2.02,265.80,-9.22
7.16@connection.Mountaineye,7.17@connection.Mountaineye,17.34,271.61,-2.83
7.17@connection.Mountaineye,-,0.70,187.40,-1.24
7.17@connection.Mountaineye,-,2.95,237.95,5.36
7.17@connection.Mountaineye,-,1.97,44.51,24.58
7.17@connection.Mountaineye,-,1.51,2.50,3.49
7.17@connection.Mountaineye,-,1.27,289.68,75.32
7.17@connection.Mountaineye,-,1.28,237.09,-78.95
7.17@connection.Mountaineye,7.18@connection.Mountaineye,1.69,278.55,-2.23
7.18@connection.Mountaineye,-,2.17,326.48,-33.29
7.18@connection.Mountaineye,-,2.17,160.25,-29.05
7.18@connection.Mountaineye,-,1.62,136.92,62.82
7.18@connection.Mountaineye,-,1.68,301.28,-72.52
7.18@connection.Mountaineye,7.19@connection.Mountaineye,5.92,258.83,7.27
7.19@connection.Mountaineye,-,0.64,13.66,60.11
7.19@connection.Mountaineye,-,1.05,22.04,-65.17
7.19@connection.Mountaineye,-,3.35,4.51,-10.52
7.19@connection.Mountaineye,7.20@connection.Mountaineye,7.77,273.08,-11.44
7.20@connection.Mountaineye,-,2.60,73.25,49.79
7.20@connection.Mountaineye,-,0.72,48.38,-55.27
7.20@connection.Mountaineye,-,0.38,219.62,-7.12
7.20@connection.Mountaineye,-,3.36,78.37,8.85
7.20@connection.Mountaineye,-,4.47,66.25,18.20
7.20@connection.Mountaineye,7.21@connection.Mountaineye,3.05,49.63,-6.70
7.21@connection.Mountaineye,-,3.38,248.31,2.08
7.21@connection.Mountaineye,-,0.59,278.86,32.38
7.21@connection.Mountaineye,-,1.18,266.65,-41.74
7.21@connection.Mountaineye,7.22@connection.Mountaineye,7.15,317.06,0.65
7.22@connection.Mountaineye,-,1.27,308.05,-8.50
7.22@connection.Mountaineye,-,2.06,125.24,7.96
7.22@connection.Mountaineye,-,2.07,53.72,-65.39
7.22@connection.Mountaineye,-,1.33,157.99,61.50
7.22@connection.Mountaineye,-,2.90,93.96,3.69
7.22@connection.Mountaineye,-,1.91,218.51,-8.00
7.22@connection.Mountaineye,7.23@connection.Mountaineye,9.54,60.65,-5.20
7.23@connection.Mountaineye,-,1.06,315.71,4.87
7.23@connection.Mountaineye,-,3.52,226.33,20.06
7.23@connection.Mountaineye,-,2.50,275.08,85.25
7.23@connection.Mountaineye,-,21.27,340.78,-81.08
7.23@connection.Mountaineye,7.24@connection.Mountaineye,21.15,331.58,-81.30
7.24@connection.Mountaineye,-,3.52,52.50,9.95
7.24@connection.Mountaineye,-,6.94,241.84,15.88
7.24@connection.Mountaineye,-,22.50,135.92,81.72
7.24@connection.Mountaineye,-,0.35,299.14,-53.28
7.24@connection.Mountaineye,-,5.41,331.27,17.83
7.24@connection.Mountaineye,-,4.45,28.00,25.42
7.24@connection.Mountaineye,-,5.40,69.05,22.07
7.24@connection.Mountaineye,-,4.83,167.33,30.29
7.24@connection.Mountaineye,-,6.59,221.52,28.16
7.24@connection.Mountaineye,7.25@connection.Mountaineye,13.82,304.13,33.87
7.25@connection.Mountaineye,-,1.76,153.64,-0.29
7.25@connection.Mountaineye,-,16.96,332.06,12.21
7.25@connection.Mountaineye,-,7.82,333.10,52.04
7.25@connection.Mountaineye,-,3.18,140.63,-48.32
7.25@connection.Mountaineye,7.26@connection.Mountaineye,6.83,268.39,2.19
7.26@connection.Mountaineye,-,12.72,231.99,17.28
7.26@connection.Mountaineye,-,11.55,314.06,13.51
7.26@connection.Mountaineye,-,6.30,111.55,-6.45
7.26@connection.Mountaineye,-,10.60,83.75,0.25
7.26@connection.Mountaineye,-,19.25,71.83,1.92
7.26@connection.Mountaineye,-,6.86,183.99,5.36
7.26@connection.Mountaineye,-,25.31,43.88,14.63
7.26@connection.Mountaineye,-,27.35,60.68,11.36
7.26@connection.Mountaineye,-,22.51,69.74,3.95
7.26@connection.Mountaineye,-,9.27,58.81,0.14
7.26@connection.Mountaineye,7.27@connection.Mountaineye,14.79,261.81,17.62
7.27@connection.Mountaineye,-,3.29,327.40,0.98
7.27@connection.Mountaineye,-,5.68,164.47,2.77
7.27@connection.Mountaineye,-,0.38,172.97,58.18
7.27@connection.Mountaineye,-,1.97,174.92,-26.50
7.27@connection.Mountaineye,7.28@connection.Mountaineye,18.57,230.21,-2.55
7.28@connection.Mountaineye,-,2.89,164.50,15.26
7.28@connection.Mountaineye,-,5.18,322.62,-0.13
7.28@connection.Mountaineye,-,1.71,314.99,53.97
7.28@connection.Mountaineye,-,3.65,282.30,-33.14
7.28@connection.Mountaineye,7.29@connection.Mountaineye,30.37,247.15,2.91
7.29@connection.Mountaineye,-,4.27,312.90,9.85
7.29@connection.Mountaineye,-,0.90,254.71,87.84
7.29@connection.Mountaineye,-,4.18,142.28,-5.57
7.29@connection.Mountaineye,-,1.65,119.82,-80.77
7.29@connection.Mountaineye,7.30@connection.Mountaineye,23.49,210.18,-28.63
7.30@connection.Mountaineye,-,6.08,143.68,6.43
7.30@connection.Mountaineye,-,8.43,308.25,24.33
7.30@connection.Mountaineye,-,8.00,52.65,83.01
7.30@connection.Mountaineye,-,0.42,131.61,-79.16
7.30@connection.Mountaineye,-,6.05,122.06,9.16
7.30@connection.Mountaineye,-,6.46,89.84,21.88
7.30@connection.Mountaineye,-,16.91,56.31,27.24
7.30@connection.Mountaineye,-,22.72,46.79,27.04
7.30@connection.Mountaineye,-,25.21,18.72,22.79
7.30@connection.Mountaineye,-,22.26,0.74,19.43
7.30@connection.Mountaineye,-,18.15,347.22,23.80
7.30@connection.Mountaineye,-,14.29,318.93,32.65
7.30@connection.Mountaineye,-,8.86,279.24,11.88
7.30@connection.Mountaineye,-,7.61,251.60,-23.60
7.30@connection.Mountaineye,-,5.57,198.02,-32.08
7.30@connection.Mountaineye,7.31@connection.Mountaineye,10.48,237.96,-27.06
7.31@connection.Mountaineye,-,6.93,125.96,1.69
7.31@connection.Mountaineye,-,4.15,310.79,6.58
7.31@connection.Mountaineye,-,1.05,201.33,80.00
7.31@connection.Mountaineye,-,1.49,209.87,-54.14
7.31@connection.Mountaineye,7.32@connection.Mountaineye,16.82,226.11,3.83
7.32@connection.Mountaineye,-,7.86,180.46,1.19
7.32@connection.Mountaineye,-,3.67,348.62,-2.27
7.32@connection.Mountaineye,-,1.23,262.19,-84.49
7.32@connection.Mountaineye,7.33@connection.Mountaineye,4.35,268.28,-33.42
7.33@connection.Mountaineye,-,2.50,330.86,-4.13
7.33@connection.Mountaineye,-,0.87,160.35,-55.02
7.33@connection.Mountaineye,-,1.02,195.18,-87.81
7.33@connection.Mountaineye,-,0.41,345.25,57.00
7.33@connection.Mountaineye,-,4.55,36.48,-4.26
7.33@connection.Mountaineye,7.34@connection.Mountaineye,20.54,255.24,1.68
7.34@connection.Mountaineye,-,1.47,350.40,-11.32
7.34@connection.Mountaineye,-,3.58,161.04,-2.82
7.34@connection.Mountaineye,-,1.62,189.50,-84.79
7.34@connection.Mountaineye,-,1.96,166.06,24.10
7.34@connection.Mountaineye,7.35@connection.Mountaineye,10.45,220.13,8.30
7.35@connection.Mountaineye,-,7.64,338.40,0.04
7.35@connection.Mountaineye,-,0.91,290.29,-78.99
7.35@connection.Mountaineye,-,1.22,335.30,71.09
7.35@connection.Mountaineye,7.36@connection.Mountaineye,37.30,252.58,-20.90
7.36@connection.Mountaineye,-,22.60,187.05,-16.36
7.36@connection.Mountaineye,-,34.45,230.44,19.79
7.36@connection.Mountaineye,-,49.50,243.90,20.52
7.36@connection.Mountaineye,-,51.35,247.44,20.83
7.36@connection.Mountaineye,-,15.75,151.14,3.00
7.36@connection.Mountaineye,-,17.86,103.79,5.66
7.36@connection.Mountaineye,-,23.78,94.56,-9.39
7.36@connection.Mountaineye,-,30.39,79.49,16.85
7.36@connection.Mountaineye,-,14.40,64.62,7.04
7.36@connection.Mountaineye,-,9.89,20.41,14.80
7.36@connection.Mountaineye,-,6.49,275.97,5.44
7.36@connection.Mountaineye,-,13.23,255.50,2.25
7.36@connection.Mountaineye,-,17.85,220.99,71.64
7.36@connection.Mountaineye,7.37@connection.Mountaineye,19.34,211.60,-10.73
7.37@connection.Mountaineye,-,14.18,50.69,4.61
7.37@connection.Mountaineye,-,9.56,153.79,-26.24
7.37@connection.Mountaineye,-,11.98,345.47,8.99
7.37@connection.Mountaineye,-,3.94,88.01,-69.94
7.37@connection.Mountaineye,-,21.37,59.25,84.33
7.37@connection.Mountaineye,-,25.16,90.32,-25.03
7.37@connection.Mountaineye,-,25.04,106.81,-25.58
7.37@connection.Mountaineye,7.38@connection.Mountaineye,29.21,290.41,25.15
7.38@connection.Mountaineye,-,0.59,15.12,3.25
7.38@connection.Mountaineye,-,15.53,181.75,19.96
7.38@connection.Mountaineye,-,10.12,194.32,79.01
7.38@connection.Mountaineye,-,2.41,188.96,-32.95
7.38@connection.Mountaineye,7.39@connection.Mountaineye,13.56,233.30,33.98
7.39@connection.Mountaineye,-,6.88,165.18,11.82
7.39@connection.Mountaineye,-,7.76,0.58,7.32
7.39@connection.Mountaineye,-,2.06,17.97,39.34
7.39@connection.Mountaineye,-,1.49,342.26,-75.12
7.39@connection.Mountaineye,7.40@connection.Mountaineye,12.90,322.31,6.34
7.40@connection.Mountaineye,-,2.37,38.41,-2.40
7.40@connection.Mountaineye,-,2.93,216.93,-1.49
7.40@connection.Mountaineye,-,1.17,245.22,-81.50
7.40@connection.Mountaineye,7.41@connection.Mountaineye,20.37,302.01,-1.13
7.41@connection.Mountaineye,-,3.27,223.67,5.64
7.41@connection.Mountaineye,-,0.28,347.21,83.84
7.41@connection.Mountaineye,-,0.38,138.85,-84.68
7.41@connection.Mountaineye,-,5.63,42.03,3.18
7.41@connection.Mountaineye,-,15.31,104.04,-0.51
7.41@connection.Mountaineye,-,12.98,136.46,0.76
7.41@connection.Mountaineye,7.42@connection.Mountaineye,4.37,277.93,15.46
7.42@connection.Mountaineye,-,7.29,323.05,-3.69
7.42@connection.Mountaineye,-,3.15,153.68,-4.54
7.42@connection.Mountaineye,-,1.05,311.74,-70.05
7.42@connection.Mountaineye,7.43@connection.Mountaineye,15.76,234.98,-5.93
7.43@connection.Mountaineye,-,5.92,288.64,-3.25
7.43@connection.Mountaineye,-,7.05,113.03,0.82
7.43@connection.Mountaineye,-,2.29,85.73,88.85
7.43@connection.Mountaineye,-,1.43,359.22,-74.16
7.43@connection.Mountaineye,7.44@connection.Mountaineye,19.09,210.63,4.07
7.44@connection.Mountaineye,-,0.97,271.13,51.11
7.44@connection.Mountaineye,-,0.92,142.49,86.88
7.44@connection.Mountaineye,-,13.89,97.64,2.03
7.44@connection.Mountaineye,-,1.54,127.89,-59.43
7.44@connection.Mountaineye,7.45@connection.Mountaineye,25.07,145.57,2.04
7.45@connection.Mountaineye,-,5.89,61.20,-12.85
7.45@connection.Mountaineye,-,7.10,252.10,-28.78
7.45@connection.Mountaineye,-,1.82,169.23,-84.34
7.45@connection.Mountaineye,-,17.31,318.83,-3.66
7.45@connection.Mountaineye,7.46@connection.Mountaineye,11.02,172.14,-11.36
7.46@connection.Mountaineye,-,4.99,31.68,21.08
7.46@connection.Mountaineye,-,9.27,245.09,3.21
7.46@connection.Mountaineye,-,1.44,134.14,-18.90
7.46@connection.Mountaineye,-,0.81,159.17,-71.32
7.46@connection.Mountaineye,-,3.16,351.15,48.16
7.46@connection.Mountaineye,-,9.52,272.59,15.05
7.46@connection.Mountaineye,-,8.94,310.40,15.30
7.46@connection.Mountaineye,7.47@connection.Mountaineye,22.23,210.96,0.16
7.47@connection.Mountaineye,-,6.13,97.40,-16.74
7.47@connection.Mountaineye,-,4.30,275.93,-2.41
7.47@connection.Mountaineye,-,2.26,117.24,-45.44
7.47@connection.Mountaineye,-,8.86,56.40,-10.66
7.47@connection.Mountaineye,-,9.00,2.43,-3.53
7.47@connection.Mountaineye,-,1.88,358.31,84.62
7.47@connection.Mountaineye,7.48@connection.Mountaineye,11.90,169.48,0.31
7.48@connection.Mountaineye,-,6.81,267.04,-2.29
7.48@connection.Mountaineye,-,3.69,64.35,5.91
7.48@connection.Mountaineye,-,2.33,132.31,73.41
7.48@connection.Mountaineye,-,1.01,277.06,-83.88
7.48@connection.Mountaineye,-,7.72,54.64,18.05
7.48@connection.Mountaineye,-,6.46,262.59,-0.70
7.48@connection.Mountaineye,-,9.86,216.57,7.52
7.48@connection.Mountaineye,7.49@connection.Mountaineye,11.97,195.69,0.08
7.49@connection.Mountaineye,-,12.35,66.01,13.00
7.49@connection.Mountaineye,-,1.58,227.82,21.32
7.49@connection.Mountaineye,-,0.71,19.10,86.41
7.49@connection.Mountaineye,7.50@connection.Mountaineye,14.01,115.93,-1.05
7.50@connection.Mountaineye,-,1.94,235.38,2.33
7.50@connection.Mountaineye,-,7.60,61.41,5.30
7.50@connection.Mountaineye,-,1.03,47.41,69.76
7.50@connection.Mountaineye,-,2.15,340.68,-26.78
7.50@connection.Mountaineye,7.51@connection.Mountaineye,6.30,134.54,5.99
7.51@connection.Mountaineye,-,5.85,74.75,-4.30
7.51@connection.Mountaineye,-,4.63,242.18,-0.68
7.51@connection.Mountaineye,-,0.57,157.85,-83.59
7.51@connection.Mountaineye,-,1.82,44.90,83.29
7.51@connection.Mountaineye,-,9.50,62.53,10.22
7.51@connection.Mountaineye,7.52@connection.Mountaineye,9.94,144.59,-0.27
7.52@connection.Mountaineye,-,2.32,134.83,4.06
7.52@connection.Mountaineye,-,2.65,266.67,5.13
7.52@connection.Mountaineye,-,4.08,208.42,43.28
7.52@connection.Mountaineye,-,1.29,352.72,-68.90
7.37@connection.Mountaineye,-,0.00,0.00,0.00
7.37@connection.Mountaineye,8.1@connection.Mountaineye,17.16,111.87,-26.36
8.1@connection.Mountaineye,-,7.49,97.85,-20.87
8.1@connection.Mountaineye,-,5.62,26.15,-20.32
8.1@connection.Mountaineye,-,1.41,3.39,74.15
8.1@connection.Mountaineye,-,1.39,238.12,-85.89
8.1@connection.Mountaineye,8.2@connection.Mountaineye,9.29,33.79,-22.45
8.2@connection.Mountaineye,-,1.71,60.99,10.91
8.2@connection.Mountaineye,-,8.56,162.03,5.86
8.2@connection.Mountaineye,-,3.98,141.09,53.13
8.2@connection.Mountaineye,-,7.54,115.63,-43.17
8.2@connection.Mountaineye,8.3@connection.Mountaineye,34.88,123.93,0.67
8.3@connection.Mountaineye,-,18.85,312.12,-3.53
8.3@connection.Mountaineye,-,7.24,277.50,-6.75
8.3@connection.Mountaineye,-,3.86,278.25,29.55
8.3@connection.Mountaineye,-,9.67,283.44,-31.48
8.3@connection.Mountaineye,-,8.09,348.09,-3.53
8.3@connection.Mountaineye,-,9.88,192.52,-4.09
8.3@connection.Mountaineye,-,11.36,228.15,-4.53
8.3@connection.Mountaineye,8.4@connection.Mountaineye,62.91,200.98,1.16
8.4@connection.Mountaineye,8.5@connection.Mountaineye,3.27,314.70,20.88
8.5@connection.Mountaineye,-,12.35,63.63,-5.39
8.5@connection.Mountaineye,-,5.22,121.79,-9.60
8.5@connection.Mountaineye,-,2.45,106.69,9.63
8.5@connection.Mountaineye,-,2.57,102.41,-31.98
8.5@connection.Mountaineye,-,13.90,23.85,-25.45
8.5@connection.Mountaineye,-,21.36,46.36,-7.21
8.5@connection.Mountaineye,-,19.77,278.79,-18.50
8.5@connection.Mountaineye,-,21.41,242.17,-4.95
8.5@connection.Mountaineye,-,20.24,222.92,-0.88
8.5@connection.Mountaineye,-,11.40,189.32,1.74
8.5@connection.Mountaineye,-,23.13,259.19,-11.24
8.5@connection.Mountaineye,8.6@connection.Mountaineye,11.24,228.82,0.64
8.6@connection.Mountaineye,-,19.10,263.55,-0.36
8.6@connection.Mountaineye,-,10.91,101.22,2.73
8.6@connection.Mountaineye,-,0.38,96.06,29.72
8.6@connection.Mountaineye,-,11.44,207.22,-36.96
8.6@connection.Mountaineye,-,9.93,220.87,-9.27
8.6@connection.Mountaineye,-,8.47,132.67,0.81
8.6@connection.Mountaineye,-,13.46,354.94,-21.78
8.6@connection.Mountaineye,-,21.36,210.25,-1.18
8.6@connection.Mountaineye,-,19.97,163.66,-8.29
8.6@connection.Mountaineye,8.7@connection.Mountaineye,25.02,187.40,-3.04
8.7@connection.Mountaineye,-,13.88,115.44,-6.76
8.7@connection.Mountaineye,-,7.60,151.58,9.25
8.7@connection.Mountaineye,-,7.82,75.54,-9.50
8.7@connection.Mountaineye,-,22.97,23.92,7.22
8.7@connection.Mountaineye,-,33.39,21.60,2.81
8.7@connection.Mountaineye,-,13.86,47.75,-5.69
8.7@connection.Mountaineye,-,17.30,316.29,26.15
8.7@connection.Mountaineye,-,16.66,352.51,5.58
8.7@connection.Mountaineye,-,17.15,251.42,31.07
8.7@connection.Mountaineye,-,9.29,231.31,22.96
8.7@connection.Mountaineye,-,22.38,350.59,59.87
8.7@connection.Mountaineye,-,12.60,166.31,4.63
8.7@connection.Mountaineye,-,9.46,189.94,4.23
8.7@connection.Mountaineye,-,13.88,157.24,6.69
8.7@connection.Mountaineye,8.8@connection.Mountaineye,10.52,214.45,11.73
8.8@connection.Mountaineye,-,5.54,284.13,6.60
8.8@connection.Mountaineye,-,0.53,328.31,32.97
8.8@connection.Mountaineye,-,1.66,243.13,-83.85
8.8@connection.Mountaineye,-,2.60,155.69,-49.11
8.8@connection.Mountaineye,-,6.67,236.49,0.39
8.8@connection.Mountaineye,-,5.19,216.91,-16.84
8.8@connection.Mountaineye,8.9@connection.Mountaineye,13.93,253.03,-1.54
8.9@connection.Mountaineye,-,5.34,108.50,-5.76
8.9@connection.Mountaineye,-,4.90,50.41,15.08
8.9@connection.Mountaineye,8.10@connection.Mountaineye,2.78,258.90,-16.92
8.9@connection.Mountaineye,-,2.12,345.64,70.53
8.9@connection.Mountaineye,-,1.07,240.73,-60.74
8.9@connection.Mountaineye,-,0.62,198.67,5.60
8.9@connection.Mountaineye,-,0.77,32.31,23.03
8.10@connection.Mountaineye,-,0.00,0.00,0.00
8.10@connection.Mountaineye,-,1.36,162.71,0.59
8.10@connection.Mountaineye,-,1.73,346.14,81.86
8.10@connection.Mountaineye,-,0.78,181.72,-35.55
8.10@connection.Mountaineye,8.11@connection.Mountaineye,16.50,220.87,-0.68
8.11@connection.Mountaineye,-,0.19,149.47,72.47
8.11@connection.Mountaineye,-,0.13,328.43,-69.55
8.11@connection.Mountaineye,-,7.00,60.17,-1.33
8.11@connection.Mountaineye,8.12@connection.Mountaineye,0.76,300.37,-19.41
8.12@connection.Mountaineye,-,1.01,12.35,8.56
8.12@connection.Mountaineye,-,0.60,317.30,1.28
8.12@connection.Mountaineye,-,0.52,192.15,6.60
8.12@connection.Mountaineye,8.13@connection.Mountaineye,3.17,262.76,6.99
8.13@connection.Mountaineye,-,0.39,175.61,-87.28
8.13@connection.Mountaineye,-,0.72,193.11,-2.62
8.13@connection.Mountaineye,-,1.10,334.17,-9.53
8.13@connection.Mountaineye,8.14@connection.Mountaineye,0.84,266.52,-21.45
8.14@connection.Mountaineye,-,0.29,359.10,-64.22
8.14@connection.Mountaineye,-,0.39,185.53,-7.40
8.14@connection.Mountaineye,-,0.78,353.98,-9.87
8.14@connection.Mountaineye,8.15@connection.Mountaineye,1.43,290.62,2.70
8.15@connection.Mountaineye,-,0.18,113.59,78.44
8.15@connection.Mountaineye,-,0.31,203.49,18.99
8.15@connection.Mountaineye,-,1.02,30.19,-1.88
8.15@connection.Mountaineye,8.16@connection.Mountaineye,1.35,305.41,40.82
8.16@connection.Mountaineye,-,4.91,1.19,8.62
8.16@connection.Mountaineye,-,1.11,327.32,58.52
8.16@connection.Mountaineye,-,0.59,11.49,-76.18
8.16@connection.Mountaineye,-,0.71,177.41,-18.86
8.16@connection.Mountaineye,-,6.95,301.20,8.86
8.16@connection.Mountaineye,8.17@connection.Mountaineye,25.76,227.27,1.59
8.17@connection.Mountaineye,-,6.64,139.66,9.71
8.17@connection.Mountaineye,-,1.50,147.09,32.70
8.17@connection.Mountaineye,-,3.61,179.90,-32.90
8.17@connection.Mountaineye,-,9.88,69.03,-4.40
8.17@connection.Mountaineye,8.18@connection.Mountaineye,18.02,200.42,-0.01
8.18@connection.Mountaineye,-,2.55,275.50,37.60
8.18@connection.Mountaineye,-,1.27,255.93,-77.78
8.18@connection.Mountaineye,-,2.11,150.95,-42.69
8.18@connection.Mountaineye,-,8.90,51.99,-4.52
8.18@connection.Mountaineye,-,18.01,43.17,1.74
8.18@connection.Mountaineye,-,17.83,21.10,0.34
8.18@connection.Mountaineye,-,15.18,0.18,-4.42
8.18@connection.Mountaineye,-,16.19,342.15,-0.04
8.18@connection.Mountaineye,-,21.67,331.57,9.09
8.18@connection.Mountaineye,-,6.41,313.06,9.31
8.18@connection.Mountaineye,-,18.82,314.58,10.61
8.18@connection.Mountaineye,-,8.22,253.93,-3.73
8.18@connection.Mountaineye,-,7.79,226.30,-5.82
8.18@connection.Mountaineye,-,11.76,295.55,12.28
8.18@connection.Mountaineye,-,2.04,143.25,-41.85
8.18@connection.Mountaineye,8.19@connection.Mountaineye,9.71,234.86,-1.92
8.19@connection.Mountaineye,-,2.02,124.84,-33.89
8.19@connection.Mountaineye,-,0.95,117.54,-83.63
8.19@connection.Mountaineye,-,0.30,318.87,38.92
8.19@connection.Mountaineye,-,2.43,314.49,-8.98
8.19@connection.Mountaineye,8.20@connection.Mountaineye,6.49,220.83,-3.50
8.20@connection.Mountaineye,-,0.50,58.83,86.26
8.20@connection.Mountaineye,-,2.21,123.91,-10.76
8.20@connection.Mountaineye,-,2.76,311.12,-2.43
8.20@connection.Mountaineye,8.21@connection.Mountaineye,9.08,209.57,8.11
8.21@connection.Mountaineye,-,10.01,264.73,6.40
8.21@connection.Mountaineye,-,12.90,255.99,6.11
8.21@connection.Mountaineye,-,13.66,216.67,26.72
8.21@connection.Mountaineye,-,12.43,247.04,72.87
8.21@connection.Mountaineye,-,0.86,223.84,-78.62
8.21@connection.Mountaineye,-,16.20,271.23,50.81
8.21@connection.Mountaineye,-,17.44,280.13,48.02
8.21@connection.Mountaineye,-,18.81,288.31,37.80
8.21@connection.Mountaineye,-,15.28,307.29,40.59
8.21@connection.Mountaineye,-,3.61,352.26,9.50
8.21@connection.Mountaineye,-,2.51,63.40,2.34
8.21@connection.Mountaineye,-,5.00,316.20,23.72
8.21@connection.Mountaineye,-,7.21,151.90,20.51
8.21@connection.Mountaineye,8.22@connection.Mountaineye,19.25,160.76,21.49
8.22@connection.Mountaineye,-,10.33,264.40,4.51
8.22@connection.Mountaineye,-,3.84,262.44,-50.65
8.22@connection.Mountaineye,-,5.25,268.69,63.15
8.22@connection.Mountaineye,-,13.74,209.05,-0.35
8.22@connection.Mountaineye,-,13.73,231.26,1.08
8.22@connection.Mountaineye,8.23@connection.Mountaineye,22.59,222.85,-2.17
8.23@connection.Mountaineye,-,1.72,132.26,-2.48
8.23@connection.Mountaineye,-,3.98,315.02,-4.45
8.23@connection.Mountaineye,-,2.02,311.13,-53.18
8.23@connection.Mountaineye,8.24@connection.Mountaineye,23.47,235.91,0.73
8.24@connection.Mountaineye,-,0.72,159.65,-1.93
8.24@connection.Mountaineye,-,2.55,11.33,-33.90
8.24@connection.Mountaineye,-,1.78,341.75,44.72
8.24@connection.Mountaineye,-,6.22,349.87,4.43
8.24@connection.Mountaineye,-,11.95,303.44,8.69
8.24@connection.Mountaineye,-,10.76,67.26,-6.06
8.24@connection.Mountaineye,8.25@connection.Mountaineye,24.05,284.98,8.39
8.25@connection.Mountaineye,-,2.44,185.02,1.69
8.25@connection.Mountaineye,-,2.11,353.17,73.63
8.25@connection.Mountaineye,-,3.97,344.76,-74.05
8.25@connection.Mountaineye,-,15.60,14.36,3.08
8.25@connection.Mountaineye,-,8.29,109.97,-2.10
8.25@connection.Mountaineye,-,9.34,85.24,-3.05
8.25@connection.Mountaineye,8.26@connection.Mountaineye,12.20,301.26,16.23
8.25@connection.Mountaineye,-,4.70,257.63,2.73
8.26@connection.Mountaineye,-,0.00,0.00,0.00
8.26@connection.Mountaineye,-,4.20,225.98,-33.19
8.26@connection.Mountaineye,-,3.54,14.03,46.77
8.26@connection.Mountaineye,-,16.64,52.82,-6.33
8.26@connection.Mountaineye,-,2.44,139.25,-80.56
8.26@connection.Mountaineye,-,9.15,16.23,12.56
8.26@connection.Mountaineye,8.27@connection.Mountaineye,4.68,283.58,21.28
8.27@connection.Mountaineye,-,1.32,244.12,-46.07
8.27@connection.Mountaineye,-,1.05,15.93,45.35
8.27@connection.Mountaineye,-,3.15,17.32,10.21
8.27@connection.Mountaineye,8.28@connection.Mountaineye,5.75,290.88,-12.42
8.28@connection.Mountaineye,-,3.71,293.03,-6.88
8.28@connection.Mountaineye,-,2.06,95.41,2.67
8.28@connection.Mountaineye,-,1.76,301.35,-88.59
8.28@connection.Mountaineye,-,1.69,23.60,-11.72
8.28@connection.Mountaineye,-,2.32,197.82,-24.42
8.28@connection.Mountaineye,8.29@connection.Mountaineye,4.69,203.74,-23.43
8.29@connection.Mountaineye,-,0.77,140.31,2.76
8.29@connection.Mountaineye,-,1.82,298.54,43.53
8.29@connection.Mountaineye,-,1.29,234.26,73.87
8.29@connection.Mountaineye,8.30@connection.Mountaineye,4.09,230.40,10.66
8.30@connection.Mountaineye,-,0.81,155.94,74.92
8.30@connection.Mountaineye,-,0.71,301.02,53.04
8.30@connection.Mountaineye,-,1.04,125.61,-0.68
8.30@connection.Mountaineye,8.31@connection.Mountaineye,2.57,51.75,50.47
8.31@connection.Mountaineye,8.32@connection.Mountaineye,10.04,260.11,35.11
8.31@connection.Mountaineye,-,2.93,320.17,33.23
8.31@connection.Mountaineye,-,0.55,327.77,57.30
8.31@connection.Mountaineye,-,0.89,132.65,-88.90
8.32@connection.Mountaineye,-,0.00,0.00,0.00
8.32@connection.Mountaineye,-,1.96,149.77,-5.31
8.32@connection.Mountaineye,-,9.37,278.41,63.20
8.32@connection.Mountaineye,-,1.05,94.10,-77.97
8.32@connection.Mountaineye,8.33@connection.Mountaineye,9.62,245.12,20.11
8.33@connection.Mountaineye,-,4.13,162.33,-3.03
8.33@connection.Mountaineye,-,6.07,125.71,-56.26
8.33@connection.Mountaineye,-,5.85,284.82,72.55
8.33@connection.Mountaineye,3.110@connection.Mountaineye,7.07,253.44,-0.14
# Equated stations
6.12@connection,6.12@cob
3.110@connection,3.110@mountaineye4
3.10@mountaineye4,3.10@mountaineye3
2.64@mountaineye3,2.64@mountaineye2
1.42@mountaineye2,1.42@mountaineye1
1.58@mountaineye5,1.58@mountaineye2
105.0@mountaineye20,1.8@mountaineye1
205.1@mountaineye21,205.0@mountaineye3
204.0@mountaineye22,203.1@mountaineye3
203.2@mountaineye23,203.1@mountaineye3
# End equated stations
